State,State Code,County,County Code,Year,Year Code,Month,Month Code,Avg Daily Max Air Temperature (F),Avg Daily Max Heat Index (F),Cases
Arizona,4.0,Apache,4001.0,2000,2000.0,Apr,4,66.4823,80.0146,0
Arizona,4.0,Apache,4001.0,2000,2000.0,May,5,76.8939,82.3241,0
Arizona,4.0,Apache,4001.0,2000,2000.0,Jun,6,83.4659,82.8265,0
Arizona,4.0,Apache,4001.0,2000,2000.0,Jul,7,87.0683,84.9458,0
Arizona,4.0,Apache,4001.0,2000,2000.0,Aug,8,84.4054,84.6214,0
Arizona,4.0,Apache,4001.0,2000,2000.0,Sep,9,79.5529,81.8049,0
Arizona,4.0,Apache,4001.0,2000,2000.0,Oct,10,62.336,80.1865,0
Arizona,4.0,Apache,4001.0,2001,2001.0,Apr,4,61.7264,78.7941,0
Arizona,4.0,Apache,4001.0,2001,2001.0,May,5,74.8284,80.7263,0
Arizona,4.0,Apache,4001.0,2001,2001.0,Jun,6,83.2256,83.7614,0
Arizona,4.0,Apache,4001.0,2001,2001.0,Jul,7,85.2732,84.0689,0
Arizona,4.0,Apache,4001.0,2001,2001.0,Aug,8,83.8995,83.537,0
Arizona,4.0,Apache,4001.0,2001,2001.0,Sep,9,79.952,81.3327,0
Arizona,4.0,Apache,4001.0,2001,2001.0,Oct,10,68.5299,79.2536,0
Arizona,4.0,Apache,4001.0,2002,2002.0,Apr,4,66.8518,78.4643,1
Arizona,4.0,Apache,4001.0,2002,2002.0,May,5,72.644,82.4414,0
Arizona,4.0,Apache,4001.0,2002,2002.0,Jun,6,85.6315,84.4179,0
Arizona,4.0,Apache,4001.0,2002,2002.0,Jul,7,87.9544,85.8349,0
Arizona,4.0,Apache,4001.0,2002,2002.0,Aug,8,84.7835,83.9599,1
Arizona,4.0,Apache,4001.0,2002,2002.0,Sep,9,75.2379,81.4256,0
Arizona,4.0,Apache,4001.0,2003,2003.0,May,5,73.9416,82.2317,0
Arizona,4.0,Apache,4001.0,2003,2003.0,Jun,6,81.7589,82.3885,0
Arizona,4.0,Apache,4001.0,2003,2003.0,Jul,7,90.5002,87.4801,0
Arizona,4.0,Apache,4001.0,2003,2003.0,Aug,8,84.845,84.3141,0
Arizona,4.0,Apache,4001.0,2003,2003.0,Sep,9,78.7127,81.2611,0
Arizona,4.0,Apache,4001.0,2003,2003.0,Oct,10,71.154,79.7593,1
Arizona,4.0,Apache,4001.0,2004,2004.0,May,5,73.1248,79.4529,0
Arizona,4.0,Apache,4001.0,2004,2004.0,Jun,6,81.8652,82.2917,0
Arizona,4.0,Apache,4001.0,2004,2004.0,Jul,7,85.4957,84.2014,1
Arizona,4.0,Apache,4001.0,2004,2004.0,Aug,8,81.5239,82.8425,2
Arizona,4.0,Apache,4001.0,2004,2004.0,Sep,9,74.7093,81.4862,1
Arizona,4.0,Apache,4001.0,2005,2005.0,May,5,72.5494,82.4594,0
Arizona,4.0,Apache,4001.0,2005,2005.0,Jun,6,79.1788,82.707,0
Arizona,4.0,Apache,4001.0,2005,2005.0,Jul,7,88.7803,86.3609,0
Arizona,4.0,Apache,4001.0,2005,2005.0,Aug,8,81.9708,82.3209,1
Arizona,4.0,Apache,4001.0,2005,2005.0,Sep,9,77.5752,81.0191,0
Arizona,4.0,Apache,4001.0,2005,2005.0,Oct,10,65.736,79.2104,1
Arizona,4.0,Apache,4001.0,2006,2006.0,Apr,4,64.3498,78.4385,0
Arizona,4.0,Apache,4001.0,2006,2006.0,May,5,75.3307,80.9279,1
Arizona,4.0,Apache,4001.0,2006,2006.0,Jun,6,85.3085,84.1158,0
Arizona,4.0,Apache,4001.0,2006,2006.0,Jul,7,86.6207,85.9996,1
Arizona,4.0,Apache,4001.0,2006,2006.0,Aug,8,80.852,82.2923,0
Arizona,4.0,Apache,4001.0,2006,2006.0,Sep,9,72.8818,80.7705,0
Arizona,4.0,Apache,4001.0,2006,2006.0,Oct,10,62.2662,79.8431,0
Arizona,4.0,Apache,4001.0,2007,2007.0,Mar,3,56.2278,78.4,0
Arizona,4.0,Apache,4001.0,2007,2007.0,Apr,4,63.326,79.4492,1
Arizona,4.0,Apache,4001.0,2007,2007.0,May,5,71.8355,79.9295,0
Arizona,4.0,Apache,4001.0,2007,2007.0,Jun,6,82.946,83.8919,0
Arizona,4.0,Apache,4001.0,2007,2007.0,Jul,7,87.4774,85.9062,0
Arizona,4.0,Apache,4001.0,2007,2007.0,Aug,8,84.7465,84.5221,1
Arizona,4.0,Apache,4001.0,2007,2007.0,Sep,9,77.3724,81.8623,3
Arizona,4.0,Apache,4001.0,2007,2007.0,Oct,10,66.0469,79.268,0
Arizona,4.0,Apache,4001.0,2008,2008.0,May,5,67.1414,81.8348,0
Arizona,4.0,Apache,4001.0,2008,2008.0,Jun,6,81.5706,83.1148,0
Arizona,4.0,Apache,4001.0,2008,2008.0,Jul,7,84.2479,84.368,0
Arizona,4.0,Apache,4001.0,2008,2008.0,Aug,8,83.5676,83.8209,1
Arizona,4.0,Apache,4001.0,2008,2008.0,Sep,9,76.4283,80.4102,0
Arizona,4.0,Apache,4001.0,2008,2008.0,Oct,10,65.6097,79.22,1
Arizona,4.0,Apache,4001.0,2009,2009.0,Apr,4,60.0954,78.2286,0
Arizona,4.0,Apache,4001.0,2009,2009.0,May,5,75.156,80.2865,0
Arizona,4.0,Apache,4001.0,2009,2009.0,Jun,6,77.7237,81.944,0
Arizona,4.0,Apache,4001.0,2009,2009.0,Jul,7,88.2356,85.5553,2
Arizona,4.0,Apache,4001.0,2009,2009.0,Aug,8,84.9876,83.5089,2
Arizona,4.0,Apache,4001.0,2009,2009.0,Sep,9,77.3175,81.2224,1
Arizona,4.0,Apache,4001.0,2009,2009.0,Oct,10,61.2996,79.0488,0
Arizona,4.0,Apache,4001.0,2010,2010.0,May,5,67.7223,80.2,4
Arizona,4.0,Apache,4001.0,2010,2010.0,Jun,6,82.209,83.1658,0
Arizona,4.0,Apache,4001.0,2010,2010.0,Jul,7,85.9144,85.0608,2
Arizona,4.0,Apache,4001.0,2010,2010.0,Aug,8,82.5248,83.2182,3
Arizona,4.0,Apache,4001.0,2010,2010.0,Sep,9,79.7885,81.6499,0
Arizona,4.0,Apache,4001.0,2010,2010.0,Oct,10,65.9799,81.021,2
Arizona,4.0,Apache,4001.0,2011,2011.0,May,5,66.8059,79.3626,3
Arizona,4.0,Apache,4001.0,2011,2011.0,Jun,6,82.3701,82.839,1
Arizona,4.0,Apache,4001.0,2011,2011.0,Jul,7,86.3379,84.7139,0
Arizona,4.0,Apache,4001.0,2011,2011.0,Aug,8,86.601,84.9976,4
Arizona,4.0,Apache,4001.0,2011,2011.0,Sep,9,77.3514,81.1052,1
Arizona,4.0,Apache,4001.0,2011,2011.0,Oct,10,64.9899,79.0839,2
Arizona,4.0,Cochise,4003.0,2000,2000.0,Apr,4,76.9178,81.3284,1
Arizona,4.0,Cochise,4003.0,2000,2000.0,May,5,86.8671,84.7528,0
Arizona,4.0,Cochise,4003.0,2000,2000.0,Jun,6,89.4115,86.5424,1
Arizona,4.0,Cochise,4003.0,2000,2000.0,Jul,7,92.1368,88.9172,1
Arizona,4.0,Cochise,4003.0,2000,2000.0,Aug,8,88.6353,87.1646,0
Arizona,4.0,Cochise,4003.0,2000,2000.0,Sep,9,88.0813,85.6028,0
Arizona,4.0,Cochise,4003.0,2000,2000.0,Oct,10,69.7999,83.41,0
Arizona,4.0,Cochise,4003.0,2001,2001.0,Mar,3,65.2821,78.8471,0
Arizona,4.0,Cochise,4003.0,2001,2001.0,Apr,4,72.3063,80.6515,0
Arizona,4.0,Cochise,4003.0,2001,2001.0,May,5,84.749,84.1792,0
Arizona,4.0,Cochise,4003.0,2001,2001.0,Jun,6,91.2722,87.5334,0
Arizona,4.0,Cochise,4003.0,2001,2001.0,Jul,7,89.7192,87.5496,1
Arizona,4.0,Cochise,4003.0,2001,2001.0,Aug,8,89.1682,87.1999,0
Arizona,4.0,Cochise,4003.0,2001,2001.0,Sep,9,86.3247,84.4892,0
Arizona,4.0,Cochise,4003.0,2001,2001.0,Oct,10,77.691,80.3059,0
Arizona,4.0,Cochise,4003.0,2001,2001.0,Nov,11,66.0148,79.5591,1
Arizona,4.0,Cochise,4003.0,2002,2002.0,Mar,3,65.6246,79.1419,0
Arizona,4.0,Cochise,4003.0,2002,2002.0,Apr,4,77.9391,80.6846,0
Arizona,4.0,Cochise,4003.0,2002,2002.0,May,5,82.7708,82.7575,3
Arizona,4.0,Cochise,4003.0,2002,2002.0,Jun,6,94.0686,89.6392,2
Arizona,4.0,Cochise,4003.0,2002,2002.0,Jul,7,91.4487,88.5587,1
Arizona,4.0,Cochise,4003.0,2002,2002.0,Aug,8,90.7287,88.2325,1
Arizona,4.0,Cochise,4003.0,2002,2002.0,Sep,9,85.86,84.6109,2
Arizona,4.0,Cochise,4003.0,2002,2002.0,Oct,10,73.0729,79.8218,0
Arizona,4.0,Cochise,4003.0,2003,2003.0,Mar,3,63.6814,78.5,0
Arizona,4.0,Cochise,4003.0,2003,2003.0,Apr,4,70.9685,79.1079,0
Arizona,4.0,Cochise,4003.0,2003,2003.0,May,5,84.3372,84.8974,0
Arizona,4.0,Cochise,4003.0,2003,2003.0,Jun,6,90.9081,87.026,0
Arizona,4.0,Cochise,4003.0,2003,2003.0,Jul,7,95.2008,91.8223,2
Arizona,4.0,Cochise,4003.0,2003,2003.0,Aug,8,90.6998,88.4508,0
Arizona,4.0,Cochise,4003.0,2003,2003.0,Sep,9,86.7668,85.3309,0
Arizona,4.0,Cochise,4003.0,2003,2003.0,Oct,10,80.3004,81.7937,0
Arizona,4.0,Cochise,4003.0,2003,2003.0,Nov,11,64.0798,78.725,0
Arizona,4.0,Cochise,4003.0,2004,2004.0,Mar,3,70.4538,79.7648,0
Arizona,4.0,Cochise,4003.0,2004,2004.0,Apr,4,70.3482,79.3691,1
Arizona,4.0,Cochise,4003.0,2004,2004.0,May,5,82.8768,82.0318,2
Arizona,4.0,Cochise,4003.0,2004,2004.0,Jun,6,89.6184,86.0067,0
Arizona,4.0,Cochise,4003.0,2004,2004.0,Jul,7,91.3268,88.2761,0
Arizona,4.0,Cochise,4003.0,2004,2004.0,Aug,8,87.5076,85.8776,1
Arizona,4.0,Cochise,4003.0,2004,2004.0,Sep,9,83.5551,84.1755,0
Arizona,4.0,Cochise,4003.0,2004,2004.0,Oct,10,72.8275,80.3863,0
Arizona,4.0,Cochise,4003.0,2005,2005.0,Apr,4,72.0103,79.5768,1
Arizona,4.0,Cochise,4003.0,2005,2005.0,May,5,82.7773,84.6374,1
Arizona,4.0,Cochise,4003.0,2005,2005.0,Jun,6,89.2914,86.6938,2
Arizona,4.0,Cochise,4003.0,2005,2005.0,Jul,7,93.6445,91.1119,0
Arizona,4.0,Cochise,4003.0,2005,2005.0,Aug,8,87.5865,86.7553,2
Arizona,4.0,Cochise,4003.0,2005,2005.0,Sep,9,86.9974,84.888,1
Arizona,4.0,Cochise,4003.0,2005,2005.0,Oct,10,75.9813,82.7572,1
Arizona,4.0,Cochise,4003.0,2005,2005.0,Nov,11,68.0804,79.0896,3
Arizona,4.0,Cochise,4003.0,2006,2006.0,Apr,4,75.5056,80.4654,1
Arizona,4.0,Cochise,4003.0,2006,2006.0,May,5,85.0666,83.5424,5
Arizona,4.0,Cochise,4003.0,2006,2006.0,Jun,6,93.377,89.1197,3
Arizona,4.0,Cochise,4003.0,2006,2006.0,Jul,7,91.3141,90.6495,0
Arizona,4.0,Cochise,4003.0,2006,2006.0,Aug,8,85.7777,85.2923,1
Arizona,4.0,Cochise,4003.0,2006,2006.0,Sep,9,81.2095,82.5456,0
Arizona,4.0,Cochise,4003.0,2006,2006.0,Oct,10,73.7298,83.1274,3
Arizona,4.0,Cochise,4003.0,2006,2006.0,Nov,11,67.9233,79.2423,0
Arizona,4.0,Cochise,4003.0,2007,2007.0,Mar,3,68.2159,80.5477,3
Arizona,4.0,Cochise,4003.0,2007,2007.0,Apr,4,73.1594,80.1545,2
Arizona,4.0,Cochise,4003.0,2007,2007.0,May,5,82.4504,82.5497,3
Arizona,4.0,Cochise,4003.0,2007,2007.0,Jun,6,91.2352,88.0613,2
Arizona,4.0,Cochise,4003.0,2007,2007.0,Jul,7,91.2198,89.3037,3
Arizona,4.0,Cochise,4003.0,2007,2007.0,Aug,8,88.083,88.3609,1
Arizona,4.0,Cochise,4003.0,2007,2007.0,Sep,9,84.7275,84.2895,1
Arizona,4.0,Cochise,4003.0,2007,2007.0,Oct,10,77.018,81.6465,3
Arizona,4.0,Cochise,4003.0,2007,2007.0,Nov,11,70.1402,79.3102,4
Arizona,4.0,Cochise,4003.0,2008,2008.0,Apr,4,73.9825,80.2446,1
Arizona,4.0,Cochise,4003.0,2008,2008.0,May,5,79.0426,82.5558,1
Arizona,4.0,Cochise,4003.0,2008,2008.0,Jun,6,92.2909,88.4324,3
Arizona,4.0,Cochise,4003.0,2008,2008.0,Jul,7,87.1941,87.3067,1
Arizona,4.0,Cochise,4003.0,2008,2008.0,Aug,8,86.0223,86.3668,1
Arizona,4.0,Cochise,4003.0,2008,2008.0,Sep,9,83.2644,82.7764,1
Arizona,4.0,Cochise,4003.0,2008,2008.0,Oct,10,77.2236,80.3778,2
Arizona,4.0,Cochise,4003.0,2008,2008.0,Nov,11,66.1957,79.5674,1
Arizona,4.0,Cochise,4003.0,2009,2009.0,Feb,2,62.4392,79.2852,3
Arizona,4.0,Cochise,4003.0,2009,2009.0,Mar,3,67.787,78.9448,2
Arizona,4.0,Cochise,4003.0,2009,2009.0,Apr,4,71.458,80.2155,4
Arizona,4.0,Cochise,4003.0,2009,2009.0,May,5,84.9591,83.3852,1
Arizona,4.0,Cochise,4003.0,2009,2009.0,Jun,6,87.8931,85.064,4
Arizona,4.0,Cochise,4003.0,2009,2009.0,Jul,7,95.9844,92.4931,4
Arizona,4.0,Cochise,4003.0,2009,2009.0,Aug,8,94.0537,90.0327,5
Arizona,4.0,Cochise,4003.0,2009,2009.0,Sep,9,88.342,85.4395,3
Arizona,4.0,Cochise,4003.0,2009,2009.0,Oct,10,74.2557,81.4203,4
Arizona,4.0,Cochise,4003.0,2009,2009.0,Nov,11,68.5097,79.4014,6
Arizona,4.0,Cochise,4003.0,2010,2010.0,Mar,3,62.6502,78.5765,5
Arizona,4.0,Cochise,4003.0,2010,2010.0,Apr,4,70.7128,79.5067,3
Arizona,4.0,Cochise,4003.0,2010,2010.0,May,5,80.3178,82.4551,5
Arizona,4.0,Cochise,4003.0,2010,2010.0,Jun,6,91.1383,87.7767,5
Arizona,4.0,Cochise,4003.0,2010,2010.0,Jul,7,91.7557,89.8576,2
Arizona,4.0,Cochise,4003.0,2010,2010.0,Aug,8,90.3605,89.1235,5
Arizona,4.0,Cochise,4003.0,2010,2010.0,Sep,9,88.3269,86.2959,2
Arizona,4.0,Cochise,4003.0,2010,2010.0,Oct,10,76.9787,81.4659,5
Arizona,4.0,Cochise,4003.0,2010,2010.0,Nov,11,62.5334,78.9,6
Arizona,4.0,Cochise,4003.0,2011,2011.0,Mar,3,71.0405,78.9787,7
Arizona,4.0,Cochise,4003.0,2011,2011.0,Apr,4,76.2291,80.3845,5
Arizona,4.0,Cochise,4003.0,2011,2011.0,May,5,79.5585,82.4783,8
Arizona,4.0,Cochise,4003.0,2011,2011.0,Jun,6,93.9643,89.435,6
Arizona,4.0,Cochise,4003.0,2011,2011.0,Jul,7,92.875,89.7827,4
Arizona,4.0,Cochise,4003.0,2011,2011.0,Aug,8,93.5783,91.1729,10
Arizona,4.0,Cochise,4003.0,2011,2011.0,Sep,9,87.707,85.2217,7
Arizona,4.0,Cochise,4003.0,2011,2011.0,Oct,10,78.0328,81.238,4
Arizona,4.0,Cochise,4003.0,2011,2011.0,Nov,11,62.3042,78.7727,5
Arizona,4.0,Coconino,4005.0,2000,2000.0,Apr,4,67.7948,80.4274,0
Arizona,4.0,Coconino,4005.0,2000,2000.0,May,5,77.7592,82.8365,1
Arizona,4.0,Coconino,4005.0,2000,2000.0,Jun,6,85.1198,83.9239,0
Arizona,4.0,Coconino,4005.0,2000,2000.0,Jul,7,88.7164,85.9641,1
Arizona,4.0,Coconino,4005.0,2000,2000.0,Aug,8,86.1506,85.8405,1
Arizona,4.0,Coconino,4005.0,2000,2000.0,Sep,9,80.4975,82.4926,0
Arizona,4.0,Coconino,4005.0,2000,2000.0,Oct,10,63.7109,80.7565,1
Arizona,4.0,Coconino,4005.0,2001,2001.0,Apr,4,61.7789,79.539,0
Arizona,4.0,Coconino,4005.0,2001,2001.0,May,5,77.5011,81.636,0
Arizona,4.0,Coconino,4005.0,2001,2001.0,Jun,6,84.6019,84.5123,0
Arizona,4.0,Coconino,4005.0,2001,2001.0,Jul,7,86.3243,84.929,4
Arizona,4.0,Coconino,4005.0,2001,2001.0,Aug,8,86.5719,85.2503,0
Arizona,4.0,Coconino,4005.0,2001,2001.0,Sep,9,82.446,82.221,3
Arizona,4.0,Coconino,4005.0,2001,2001.0,Oct,10,70.8974,79.867,0
Arizona,4.0,Coconino,4005.0,2002,2002.0,Apr,4,67.6005,79.4514,1
Arizona,4.0,Coconino,4005.0,2002,2002.0,May,5,73.7579,82.7503,1
Arizona,4.0,Coconino,4005.0,2002,2002.0,Jun,6,86.8045,85.1159,0
Arizona,4.0,Coconino,4005.0,2002,2002.0,Jul,7,91.1465,87.786,0
Arizona,4.0,Coconino,4005.0,2002,2002.0,Aug,8,87.4313,85.2882,3
Arizona,4.0,Coconino,4005.0,2002,2002.0,Sep,9,78.0357,82.0678,2
Arizona,4.0,Coconino,4005.0,2002,2002.0,Oct,10,64.7353,78.9815,0
Arizona,4.0,Coconino,4005.0,2003,2003.0,May,5,74.9441,83.2296,1
Arizona,4.0,Coconino,4005.0,2003,2003.0,Jun,6,83.5745,83.4758,0
Arizona,4.0,Coconino,4005.0,2003,2003.0,Jul,7,92.5399,88.8413,2
Arizona,4.0,Coconino,4005.0,2003,2003.0,Aug,8,86.8325,85.4263,1
Arizona,4.0,Coconino,4005.0,2003,2003.0,Sep,9,81.1483,82.2691,1
Arizona,4.0,Coconino,4005.0,2003,2003.0,Oct,10,73.5475,80.3921,1
Arizona,4.0,Coconino,4005.0,2004,2004.0,Mar,3,62.6655,79.4094,0
Arizona,4.0,Coconino,4005.0,2004,2004.0,Apr,4,62.0187,79.1899,0
Arizona,4.0,Coconino,4005.0,2004,2004.0,May,5,74.5922,80.289,1
Arizona,4.0,Coconino,4005.0,2004,2004.0,Jun,6,83.5499,83.1332,1
Arizona,4.0,Coconino,4005.0,2004,2004.0,Jul,7,87.374,84.9667,1
Arizona,4.0,Coconino,4005.0,2004,2004.0,Aug,8,83.8485,83.6979,1
Arizona,4.0,Coconino,4005.0,2004,2004.0,Sep,9,76.7776,82.1639,0
Arizona,4.0,Coconino,4005.0,2004,2004.0,Oct,10,62.5945,79.2485,1
Arizona,4.0,Coconino,4005.0,2005,2005.0,May,5,73.0262,82.6081,1
Arizona,4.0,Coconino,4005.0,2005,2005.0,Jun,6,79.4317,82.877,1
Arizona,4.0,Coconino,4005.0,2005,2005.0,Jul,7,90.4261,87.4032,2
Arizona,4.0,Coconino,4005.0,2005,2005.0,Aug,8,83.1624,83.2007,0
Arizona,4.0,Coconino,4005.0,2005,2005.0,Sep,9,78.5933,81.7113,0
Arizona,4.0,Coconino,4005.0,2005,2005.0,Oct,10,66.7334,79.9812,1
Arizona,4.0,Coconino,4005.0,2006,2006.0,Apr,4,64.572,78.9386,1
Arizona,4.0,Coconino,4005.0,2006,2006.0,May,5,77.0129,81.7171,0
Arizona,4.0,Coconino,4005.0,2006,2006.0,Jun,6,86.9918,84.9902,0
Arizona,4.0,Coconino,4005.0,2006,2006.0,Jul,7,89.6124,87.3093,1
Arizona,4.0,Coconino,4005.0,2006,2006.0,Aug,8,83.727,83.496,2
Arizona,4.0,Coconino,4005.0,2006,2006.0,Sep,9,75.5859,81.5969,1
Arizona,4.0,Coconino,4005.0,2006,2006.0,Oct,10,63.7934,80.6435,0
Arizona,4.0,Coconino,4005.0,2006,2006.0,Nov,11,56.6924,79.3,1
Arizona,4.0,Coconino,4005.0,2007,2007.0,Mar,3,58.5386,79.0659,1
Arizona,4.0,Coconino,4005.0,2007,2007.0,Apr,4,64.8866,80.1881,1
Arizona,4.0,Coconino,4005.0,2007,2007.0,May,5,74.4605,80.7707,1
Arizona,4.0,Coconino,4005.0,2007,2007.0,Jun,6,85.1279,84.689,0
Arizona,4.0,Coconino,4005.0,2007,2007.0,Jul,7,89.8831,87.6666,0
Arizona,4.0,Coconino,4005.0,2007,2007.0,Aug,8,86.5753,85.3737,3
Arizona,4.0,Coconino,4005.0,2007,2007.0,Sep,9,78.3494,82.966,0
Arizona,4.0,Coconino,4005.0,2007,2007.0,Oct,10,67.0128,79.6522,2
Arizona,4.0,Coconino,4005.0,2007,2007.0,Nov,11,59.4246,78.6333,1
Arizona,4.0,Coconino,4005.0,2008,2008.0,Apr,4,61.9243,78.7562,1
Arizona,4.0,Coconino,4005.0,2008,2008.0,May,5,68.062,82.8911,0
Arizona,4.0,Coconino,4005.0,2008,2008.0,Jun,6,83.5719,84.3105,1
Arizona,4.0,Coconino,4005.0,2008,2008.0,Jul,7,87.3077,85.7713,1
Arizona,4.0,Coconino,4005.0,2008,2008.0,Aug,8,86.0449,85.0417,3
Arizona,4.0,Coconino,4005.0,2008,2008.0,Sep,9,79.3115,81.2644,0
Arizona,4.0,Coconino,4005.0,2008,2008.0,Oct,10,67.8298,79.7922,0
Arizona,4.0,Coconino,4005.0,2008,2008.0,Nov,11,57.3692,78.9333,0
Arizona,4.0,Coconino,4005.0,2009,2009.0,Apr,4,61.4511,79.2694,1
Arizona,4.0,Coconino,4005.0,2009,2009.0,May,5,77.4569,81.0372,1
Arizona,4.0,Coconino,4005.0,2009,2009.0,Jun,6,78.5807,83.0218,2
Arizona,4.0,Coconino,4005.0,2009,2009.0,Jul,7,89.9416,86.5941,1
Arizona,4.0,Coconino,4005.0,2009,2009.0,Aug,8,86.9107,84.6398,7
Arizona,4.0,Coconino,4005.0,2009,2009.0,Sep,9,79.7347,81.737,6
Arizona,4.0,Coconino,4005.0,2009,2009.0,Oct,10,63.3976,79.8764,2
Arizona,4.0,Coconino,4005.0,2009,2009.0,Nov,11,57.6722,79.4364,2
Arizona,4.0,Coconino,4005.0,2010,2010.0,Apr,4,59.9009,78.58,2
Arizona,4.0,Coconino,4005.0,2010,2010.0,May,5,67.9454,79.8531,3
Arizona,4.0,Coconino,4005.0,2010,2010.0,Jun,6,83.1548,83.9134,6
Arizona,4.0,Coconino,4005.0,2010,2010.0,Jul,7,88.9503,86.63,5
Arizona,4.0,Coconino,4005.0,2010,2010.0,Aug,8,84.7153,84.5973,1
Arizona,4.0,Coconino,4005.0,2010,2010.0,Sep,9,82.5825,82.6758,4
Arizona,4.0,Coconino,4005.0,2010,2010.0,Oct,10,66.2407,81.7817,5
Arizona,4.0,Coconino,4005.0,2010,2010.0,Nov,11,49.7016,78.85,7
Arizona,4.0,Coconino,4005.0,2011,2011.0,Apr,4,61.9732,78.9603,5
Arizona,4.0,Coconino,4005.0,2011,2011.0,May,5,67.6359,79.8996,5
Arizona,4.0,Coconino,4005.0,2011,2011.0,Jun,6,82.3516,83.4731,6
Arizona,4.0,Coconino,4005.0,2011,2011.0,Jul,7,87.2537,85.1704,5
Arizona,4.0,Coconino,4005.0,2011,2011.0,Aug,8,89.0337,86.2017,5
Arizona,4.0,Coconino,4005.0,2011,2011.0,Sep,9,79.7088,81.8524,4
Arizona,4.0,Coconino,4005.0,2011,2011.0,Oct,10,67.0632,79.8945,8
Arizona,4.0,Gila,4007.0,2000,2000.0,Jan,1,56.7005,79.05,1
Arizona,4.0,Gila,4007.0,2000,2000.0,Apr,4,73.2192,81.1971,1
Arizona,4.0,Gila,4007.0,2000,2000.0,May,5,83.2319,84.2977,0
Arizona,4.0,Gila,4007.0,2000,2000.0,Jun,6,89.1238,86.5959,0
Arizona,4.0,Gila,4007.0,2000,2000.0,Jul,7,92.7839,89.3139,0
Arizona,4.0,Gila,4007.0,2000,2000.0,Aug,8,88.7012,87.9196,0
Arizona,4.0,Gila,4007.0,2000,2000.0,Sep,9,86.5053,85.4525,0
Arizona,4.0,Gila,4007.0,2000,2000.0,Oct,10,68.0531,82.6696,0
Arizona,4.0,Gila,4007.0,2001,2001.0,Mar,3,61.2524,79.1833,1
Arizona,4.0,Gila,4007.0,2001,2001.0,Apr,4,66.2309,80.6976,0
Arizona,4.0,Gila,4007.0,2001,2001.0,May,5,81.5855,83.4281,0
Arizona,4.0,Gila,4007.0,2001,2001.0,Jun,6,88.7229,86.6907,3
Arizona,4.0,Gila,4007.0,2001,2001.0,Jul,7,89.4722,87.45,0
Arizona,4.0,Gila,4007.0,2001,2001.0,Aug,8,88.3816,87.1813,0
Arizona,4.0,Gila,4007.0,2001,2001.0,Sep,9,86.5117,84.4896,1
Arizona,4.0,Gila,4007.0,2001,2001.0,Oct,10,75.8856,80.8023,1
Arizona,4.0,Gila,4007.0,2001,2001.0,Nov,11,63.5287,80.073,2
Arizona,4.0,Gila,4007.0,2002,2002.0,Mar,3,60.4351,79.6875,2
Arizona,4.0,Gila,4007.0,2002,2002.0,Apr,4,72.9618,80.5384,2
Arizona,4.0,Gila,4007.0,2002,2002.0,May,5,79.0196,83.1165,0
Arizona,4.0,Gila,4007.0,2002,2002.0,Jun,6,91.5983,87.8842,2
Arizona,4.0,Gila,4007.0,2002,2002.0,Jul,7,92.0525,89.0785,3
Arizona,4.0,Gila,4007.0,2002,2002.0,Aug,8,90.3698,87.834,2
Arizona,4.0,Gila,4007.0,2002,2002.0,Sep,9,84.1275,84.7467,1
Arizona,4.0,Gila,4007.0,2002,2002.0,Oct,10,70.7202,80.7509,0
Arizona,4.0,Gila,4007.0,2002,2002.0,Nov,11,62.7951,78.5,2
Arizona,4.0,Gila,4007.0,2003,2003.0,Mar,3,58.4437,78.5667,0
Arizona,4.0,Gila,4007.0,2003,2003.0,Apr,4,64.8509,79.0,0
Arizona,4.0,Gila,4007.0,2003,2003.0,May,5,79.4464,83.963,1
Arizona,4.0,Gila,4007.0,2003,2003.0,Jun,6,87.828,85.4176,1
Arizona,4.0,Gila,4007.0,2003,2003.0,Jul,7,94.7323,91.5427,0
Arizona,4.0,Gila,4007.0,2003,2003.0,Aug,8,89.6999,88.389,1
Arizona,4.0,Gila,4007.0,2003,2003.0,Sep,9,85.0299,84.7609,1
Arizona,4.0,Gila,4007.0,2003,2003.0,Oct,10,78.8527,82.3888,1
Arizona,4.0,Gila,4007.0,2004,2004.0,Mar,3,67.9801,80.0495,0
Arizona,4.0,Gila,4007.0,2004,2004.0,Apr,4,66.8566,80.3894,1
Arizona,4.0,Gila,4007.0,2004,2004.0,May,5,79.544,81.5115,1
Arizona,4.0,Gila,4007.0,2004,2004.0,Jun,6,87.4106,84.9727,2
Arizona,4.0,Gila,4007.0,2004,2004.0,Jul,7,90.7496,87.9564,0
Arizona,4.0,Gila,4007.0,2004,2004.0,Aug,8,87.1451,86.1714,1
Arizona,4.0,Gila,4007.0,2004,2004.0,Sep,9,82.1604,84.2813,0
Arizona,4.0,Gila,4007.0,2004,2004.0,Oct,10,69.1545,80.7676,2
Arizona,4.0,Gila,4007.0,2005,2005.0,Apr,4,66.5022,79.3338,0
Arizona,4.0,Gila,4007.0,2005,2005.0,May,5,78.1258,84.0523,0
Arizona,4.0,Gila,4007.0,2005,2005.0,Jun,6,85.1218,85.5635,1
Arizona,4.0,Gila,4007.0,2005,2005.0,Jul,7,92.9263,89.9672,1
Arizona,4.0,Gila,4007.0,2005,2005.0,Aug,8,86.9687,86.4784,0
Arizona,4.0,Gila,4007.0,2005,2005.0,Sep,9,84.2619,84.0759,3
Arizona,4.0,Gila,4007.0,2005,2005.0,Oct,10,73.3258,81.9206,0
Arizona,4.0,Gila,4007.0,2005,2005.0,Nov,11,64.5415,79.1969,0
Arizona,4.0,Gila,4007.0,2006,2006.0,Apr,4,69.6871,80.2701,3
Arizona,4.0,Gila,4007.0,2006,2006.0,May,5,81.858,83.0776,1
Arizona,4.0,Gila,4007.0,2006,2006.0,Jun,6,91.9371,88.1595,2
Arizona,4.0,Gila,4007.0,2006,2006.0,Jul,7,91.7638,90.5735,1
Arizona,4.0,Gila,4007.0,2006,2006.0,Aug,8,86.1277,86.0879,0
Arizona,4.0,Gila,4007.0,2006,2006.0,Sep,9,80.4154,83.1445,0
Arizona,4.0,Gila,4007.0,2006,2006.0,Oct,10,70.7206,82.4766,1
Arizona,4.0,Gila,4007.0,2006,2006.0,Nov,11,64.8812,79.6649,3
Arizona,4.0,Gila,4007.0,2007,2007.0,Mar,3,65.1895,80.6961,1
Arizona,4.0,Gila,4007.0,2007,2007.0,Apr,4,69.8617,80.8714,0
Arizona,4.0,Gila,4007.0,2007,2007.0,May,5,80.1153,82.5468,1
Arizona,4.0,Gila,4007.0,2007,2007.0,Jun,6,89.5527,87.5005,1
Arizona,4.0,Gila,4007.0,2007,2007.0,Jul,7,92.1912,90.105,2
Arizona,4.0,Gila,4007.0,2007,2007.0,Aug,8,89.2157,88.9054,0
Arizona,4.0,Gila,4007.0,2007,2007.0,Sep,9,83.8281,85.1826,1
Arizona,4.0,Gila,4007.0,2007,2007.0,Oct,10,74.0853,81.21,1
Arizona,4.0,Gila,4007.0,2007,2007.0,Nov,11,68.3222,79.9115,4
Arizona,4.0,Gila,4007.0,2008,2008.0,Apr,4,67.6827,80.2336,2
Arizona,4.0,Gila,4007.0,2008,2008.0,May,5,72.8233,82.8386,3
Arizona,4.0,Gila,4007.0,2008,2008.0,Jun,6,88.2732,86.5908,1
Arizona,4.0,Gila,4007.0,2008,2008.0,Jul,7,88.6078,88.219,2
Arizona,4.0,Gila,4007.0,2008,2008.0,Aug,8,86.7233,86.8146,1
Arizona,4.0,Gila,4007.0,2008,2008.0,Sep,9,82.9969,83.3039,1
Arizona,4.0,Gila,4007.0,2008,2008.0,Oct,10,74.3749,80.851,0
Arizona,4.0,Gila,4007.0,2008,2008.0,Nov,11,63.4898,80.6125,2
Arizona,4.0,Gila,4007.0,2009,2009.0,Feb,2,56.0343,79.2333,2
Arizona,4.0,Gila,4007.0,2009,2009.0,Mar,3,62.8656,79.0611,0
Arizona,4.0,Gila,4007.0,2009,2009.0,Apr,4,66.7049,80.4253,2
Arizona,4.0,Gila,4007.0,2009,2009.0,May,5,81.9803,82.4944,1
Arizona,4.0,Gila,4007.0,2009,2009.0,Jun,6,84.4021,84.6124,2
Arizona,4.0,Gila,4007.0,2009,2009.0,Jul,7,95.3182,91.8963,4
Arizona,4.0,Gila,4007.0,2009,2009.0,Aug,8,92.7477,89.0182,6
Arizona,4.0,Gila,4007.0,2009,2009.0,Sep,9,87.0052,85.2006,2
Arizona,4.0,Gila,4007.0,2009,2009.0,Oct,10,71.443,81.6458,2
Arizona,4.0,Gila,4007.0,2009,2009.0,Nov,11,66.6244,80.4513,6
Arizona,4.0,Gila,4007.0,2010,2010.0,Apr,4,65.0767,79.5817,2
Arizona,4.0,Gila,4007.0,2010,2010.0,May,5,74.1402,81.0367,6
Arizona,4.0,Gila,4007.0,2010,2010.0,Jun,6,87.5394,85.9231,1
Arizona,4.0,Gila,4007.0,2010,2010.0,Jul,7,91.3803,89.6927,3
Arizona,4.0,Gila,4007.0,2010,2010.0,Aug,8,88.8352,88.3786,6
Arizona,4.0,Gila,4007.0,2010,2010.0,Sep,9,87.6158,86.1252,2
Arizona,4.0,Gila,4007.0,2010,2010.0,Oct,10,73.6014,82.2933,4
Arizona,4.0,Gila,4007.0,2010,2010.0,Nov,11,58.7366,79.7378,2
Arizona,4.0,Gila,4007.0,2011,2011.0,Mar,3,64.3475,79.4762,2
Arizona,4.0,Gila,4007.0,2011,2011.0,Apr,4,69.8315,80.2354,3
Arizona,4.0,Gila,4007.0,2011,2011.0,May,5,74.1802,81.3115,4
Arizona,4.0,Gila,4007.0,2011,2011.0,Jun,6,89.0607,86.1647,5
Arizona,4.0,Gila,4007.0,2011,2011.0,Jul,7,91.7924,89.2549,4
Arizona,4.0,Gila,4007.0,2011,2011.0,Aug,8,93.2821,90.9109,8
Arizona,4.0,Gila,4007.0,2011,2011.0,Sep,9,86.4427,85.2556,5
Arizona,4.0,Gila,4007.0,2011,2011.0,Oct,10,75.4588,81.6858,8
Arizona,4.0,Gila,4007.0,2011,2011.0,Nov,11,59.6121,79.025,1
Arizona,4.0,Graham,4009.0,2000,2000.0,Jan,1,58.8109,79.05,0
Arizona,4.0,Graham,4009.0,2000,2000.0,Mar,3,64.0088,78.1,0
Arizona,4.0,Graham,4009.0,2000,2000.0,Apr,4,76.5433,81.8941,2
Arizona,4.0,Graham,4009.0,2000,2000.0,May,5,86.8566,85.7267,0
Arizona,4.0,Graham,4009.0,2000,2000.0,Jun,6,91.0466,88.048,0
Arizona,4.0,Graham,4009.0,2000,2000.0,Jul,7,94.1295,90.6555,0
Arizona,4.0,Graham,4009.0,2000,2000.0,Aug,8,90.1853,88.8633,0
Arizona,4.0,Graham,4009.0,2000,2000.0,Sep,9,88.8899,86.6915,0
Arizona,4.0,Graham,4009.0,2000,2000.0,Oct,10,69.5577,84.0128,0
Arizona,4.0,Graham,4009.0,2001,2001.0,Mar,3,64.2243,79.0182,1
Arizona,4.0,Graham,4009.0,2001,2001.0,Apr,4,70.506,81.1452,1
Arizona,4.0,Graham,4009.0,2001,2001.0,May,5,84.1813,84.7117,0
Arizona,4.0,Graham,4009.0,2001,2001.0,Jun,6,91.6039,88.2952,1
Arizona,4.0,Graham,4009.0,2001,2001.0,Jul,7,91.589,89.2938,0
Arizona,4.0,Graham,4009.0,2001,2001.0,Aug,8,90.1593,88.601,0
Arizona,4.0,Graham,4009.0,2001,2001.0,Sep,9,87.8269,85.7183,0
Arizona,4.0,Graham,4009.0,2001,2001.0,Oct,10,77.7643,81.064,0
Arizona,4.0,Graham,4009.0,2001,2001.0,Nov,11,65.4723,80.0327,0
Arizona,4.0,Graham,4009.0,2002,2002.0,Mar,3,64.1192,79.8256,0
Arizona,4.0,Graham,4009.0,2002,2002.0,Apr,4,77.1831,81.3129,0
Arizona,4.0,Graham,4009.0,2002,2002.0,May,5,82.4253,83.7095,2
Arizona,4.0,Graham,4009.0,2002,2002.0,Jun,6,94.5755,90.1466,0
Arizona,4.0,Graham,4009.0,2002,2002.0,Jul,7,93.2097,90.3296,0
Arizona,4.0,Graham,4009.0,2002,2002.0,Aug,8,92.0084,89.421,0
Arizona,4.0,Graham,4009.0,2002,2002.0,Sep,9,86.2677,85.5133,1
Arizona,4.0,Graham,4009.0,2002,2002.0,Oct,10,72.5742,80.6676,0
Arizona,4.0,Graham,4009.0,2003,2003.0,Mar,3,62.1554,78.7469,0
Arizona,4.0,Graham,4009.0,2003,2003.0,Apr,4,69.5687,79.4548,0
Arizona,4.0,Graham,4009.0,2003,2003.0,May,5,83.2994,85.564,0
Arizona,4.0,Graham,4009.0,2003,2003.0,Jun,6,91.1949,87.5716,0
Arizona,4.0,Graham,4009.0,2003,2003.0,Jul,7,96.9619,93.4316,1
Arizona,4.0,Graham,4009.0,2003,2003.0,Aug,8,92.2207,90.1602,1
Arizona,4.0,Graham,4009.0,2003,2003.0,Sep,9,87.568,86.3527,0
Arizona,4.0,Graham,4009.0,2003,2003.0,Oct,10,81.0216,82.8662,3
Arizona,4.0,Graham,4009.0,2003,2003.0,Nov,11,62.4364,78.55,0
Arizona,4.0,Graham,4009.0,2004,2004.0,Mar,3,69.7235,80.0222,1
Arizona,4.0,Graham,4009.0,2004,2004.0,Apr,4,69.673,79.9994,0
Arizona,4.0,Graham,4009.0,2004,2004.0,May,5,82.5398,82.6474,1
Arizona,4.0,Graham,4009.0,2004,2004.0,Jun,6,90.0142,86.7145,4
Arizona,4.0,Graham,4009.0,2004,2004.0,Jul,7,92.4507,89.4899,1
Arizona,4.0,Graham,4009.0,2004,2004.0,Aug,8,88.5969,87.2334,6
Arizona,4.0,Graham,4009.0,2004,2004.0,Sep,9,83.8977,84.9689,1
Arizona,4.0,Graham,4009.0,2004,2004.0,Oct,10,72.0427,80.9691,2
Arizona,4.0,Graham,4009.0,2005,2005.0,Apr,4,70.6439,80.0114,0
Arizona,4.0,Graham,4009.0,2005,2005.0,May,5,82.0431,85.1483,0
Arizona,4.0,Graham,4009.0,2005,2005.0,Jun,6,88.9372,87.1599,2
Arizona,4.0,Graham,4009.0,2005,2005.0,Jul,7,95.0981,91.8747,1
Arizona,4.0,Graham,4009.0,2005,2005.0,Aug,8,89.2265,88.1991,2
Arizona,4.0,Graham,4009.0,2005,2005.0,Sep,9,87.2813,85.7933,3
Arizona,4.0,Graham,4009.0,2005,2005.0,Oct,10,75.7063,83.0385,4
Arizona,4.0,Graham,4009.0,2005,2005.0,Nov,11,67.031,79.4786,1
Arizona,4.0,Graham,4009.0,2006,2006.0,Feb,2,62.6783,78.4,2
Arizona,4.0,Graham,4009.0,2006,2006.0,Mar,3,60.9941,78.3,2
Arizona,4.0,Graham,4009.0,2006,2006.0,Apr,4,74.1273,80.9468,2
Arizona,4.0,Graham,4009.0,2006,2006.0,May,5,84.9637,84.185,0
Arizona,4.0,Graham,4009.0,2006,2006.0,Jun,6,93.9268,89.7861,0
Arizona,4.0,Graham,4009.0,2006,2006.0,Jul,7,92.5963,91.9059,1
Arizona,4.0,Graham,4009.0,2006,2006.0,Aug,8,86.8603,86.964,0
Arizona,4.0,Graham,4009.0,2006,2006.0,Sep,9,81.7565,83.5292,0
Arizona,4.0,Graham,4009.0,2006,2006.0,Oct,10,73.0831,83.3045,1
Arizona,4.0,Graham,4009.0,2006,2006.0,Nov,11,66.7364,79.7825,2
Arizona,4.0,Graham,4009.0,2007,2007.0,Mar,3,67.3074,80.7982,3
Arizona,4.0,Graham,4009.0,2007,2007.0,Apr,4,72.5084,80.829,1
Arizona,4.0,Graham,4009.0,2007,2007.0,May,5,82.4119,83.4023,1
Arizona,4.0,Graham,4009.0,2007,2007.0,Jun,6,91.5499,88.7924,1
Arizona,4.0,Graham,4009.0,2007,2007.0,Jul,7,93.0552,91.1064,1
Arizona,4.0,Graham,4009.0,2007,2007.0,Aug,8,89.8307,90.0755,0
Arizona,4.0,Graham,4009.0,2007,2007.0,Sep,9,85.7835,85.497,2
Arizona,4.0,Graham,4009.0,2007,2007.0,Oct,10,76.5533,82.059,2
Arizona,4.0,Graham,4009.0,2007,2007.0,Nov,11,69.8216,79.7891,0
Arizona,4.0,Graham,4009.0,2008,2008.0,Apr,4,71.7963,80.2423,0
Arizona,4.0,Graham,4009.0,2008,2008.0,May,5,77.2526,82.8679,1
Arizona,4.0,Graham,4009.0,2008,2008.0,Jun,6,91.6741,88.5045,0
Arizona,4.0,Graham,4009.0,2008,2008.0,Jul,7,89.3127,89.2384,1
Arizona,4.0,Graham,4009.0,2008,2008.0,Aug,8,88.2888,88.2864,2
Arizona,4.0,Graham,4009.0,2008,2008.0,Sep,9,84.2509,83.9824,1
Arizona,4.0,Graham,4009.0,2008,2008.0,Oct,10,76.5883,81.0263,0
Arizona,4.0,Graham,4009.0,2008,2008.0,Nov,11,65.1592,80.2656,2
Arizona,4.0,Graham,4009.0,2009,2009.0,Feb,2,60.4212,79.5783,0
Arizona,4.0,Graham,4009.0,2009,2009.0,Mar,3,66.5393,79.1815,1
Arizona,4.0,Graham,4009.0,2009,2009.0,Apr,4,70.291,80.926,0
Arizona,4.0,Graham,4009.0,2009,2009.0,May,5,84.8682,84.0349,0
Arizona,4.0,Graham,4009.0,2009,2009.0,Jun,6,87.8187,85.8888,2
Arizona,4.0,Graham,4009.0,2009,2009.0,Jul,7,97.2473,93.7872,1
Arizona,4.0,Graham,4009.0,2009,2009.0,Aug,8,94.8032,90.742,2
Arizona,4.0,Graham,4009.0,2009,2009.0,Sep,9,88.7417,86.3426,0
Arizona,4.0,Graham,4009.0,2009,2009.0,Oct,10,73.8033,81.56,2
Arizona,4.0,Graham,4009.0,2009,2009.0,Nov,11,68.118,80.032,2
Arizona,4.0,Graham,4009.0,2010,2010.0,Mar,3,60.2793,78.5333,1
Arizona,4.0,Graham,4009.0,2010,2010.0,Apr,4,69.2682,80.0335,1
Arizona,4.0,Graham,4009.0,2010,2010.0,May,5,78.616,82.5045,1
Arizona,4.0,Graham,4009.0,2010,2010.0,Jun,6,90.9874,87.971,1
Arizona,4.0,Graham,4009.0,2010,2010.0,Jul,7,92.6495,90.8919,0
Arizona,4.0,Graham,4009.0,2010,2010.0,Aug,8,90.5691,90.0166,1
Arizona,4.0,Graham,4009.0,2010,2010.0,Sep,9,88.7354,86.9823,5
Arizona,4.0,Graham,4009.0,2010,2010.0,Oct,10,76.2073,82.0943,3
Arizona,4.0,Graham,4009.0,2010,2010.0,Nov,11,61.2585,79.4464,2
Arizona,4.0,Graham,4009.0,2011,2011.0,Mar,3,68.6487,79.236,2
Arizona,4.0,Graham,4009.0,2011,2011.0,Apr,4,74.2608,80.8345,3
Arizona,4.0,Graham,4009.0,2011,2011.0,May,5,78.0696,82.6794,5
Arizona,4.0,Graham,4009.0,2011,2011.0,Jun,6,93.1188,88.9866,0
Arizona,4.0,Graham,4009.0,2011,2011.0,Jul,7,93.8392,90.911,7
Arizona,4.0,Graham,4009.0,2011,2011.0,Aug,8,94.5648,92.2866,3
Arizona,4.0,Graham,4009.0,2011,2011.0,Sep,9,87.9558,86.1753,3
Arizona,4.0,Graham,4009.0,2011,2011.0,Oct,10,77.4758,81.9031,3
Arizona,4.0,Graham,4009.0,2011,2011.0,Nov,11,61.4605,79.11,1
Arizona,4.0,Greenlee,4011.0,2000,2000.0,Apr,4,72.8123,81.4732,1
Arizona,4.0,Greenlee,4011.0,2000,2000.0,May,5,83.3348,84.7154,0
Arizona,4.0,Greenlee,4011.0,2000,2000.0,Jun,6,87.3832,86.1613,0
Arizona,4.0,Greenlee,4011.0,2000,2000.0,Jul,7,89.7629,87.662,0
Arizona,4.0,Greenlee,4011.0,2000,2000.0,Aug,8,86.3728,86.4568,0
Arizona,4.0,Greenlee,4011.0,2000,2000.0,Sep,9,85.1724,85.066,0
Arizona,4.0,Greenlee,4011.0,2000,2000.0,Oct,10,65.5504,83.3117,0
Arizona,4.0,Greenlee,4011.0,2001,2001.0,Mar,3,60.114,78.775,0
Arizona,4.0,Greenlee,4011.0,2001,2001.0,Apr,4,66.9411,80.7008,0
Arizona,4.0,Greenlee,4011.0,2001,2001.0,May,5,80.0744,83.4873,0
Arizona,4.0,Greenlee,4011.0,2001,2001.0,Jun,6,87.7725,86.4354,0
Arizona,4.0,Greenlee,4011.0,2001,2001.0,Jul,7,87.7381,86.9564,0
Arizona,4.0,Greenlee,4011.0,2001,2001.0,Aug,8,85.5053,85.8934,0
Arizona,4.0,Greenlee,4011.0,2001,2001.0,Sep,9,83.1813,83.7277,0
Arizona,4.0,Greenlee,4011.0,2001,2001.0,Oct,10,73.9138,80.3392,0
Arizona,4.0,Greenlee,4011.0,2001,2001.0,Nov,11,60.9665,79.2,0
Arizona,4.0,Greenlee,4011.0,2002,2002.0,Mar,3,60.166,79.35,0
Arizona,4.0,Greenlee,4011.0,2002,2002.0,Apr,4,73.5882,80.8895,0
Arizona,4.0,Greenlee,4011.0,2002,2002.0,May,5,78.6663,82.8748,0
Arizona,4.0,Greenlee,4011.0,2002,2002.0,Jun,6,90.8687,87.8944,0
Arizona,4.0,Greenlee,4011.0,2002,2002.0,Jul,7,89.1206,87.6014,0
Arizona,4.0,Greenlee,4011.0,2002,2002.0,Aug,8,87.6914,86.8184,0
Arizona,4.0,Greenlee,4011.0,2002,2002.0,Sep,9,81.1057,83.855,0
Arizona,4.0,Greenlee,4011.0,2002,2002.0,Oct,10,67.5979,79.8636,0
Arizona,4.0,Greenlee,4011.0,2003,2003.0,Mar,3,57.834,78.3333,0
Arizona,4.0,Greenlee,4011.0,2003,2003.0,Apr,4,66.0885,79.049,0
Arizona,4.0,Greenlee,4011.0,2003,2003.0,May,5,79.4763,84.1072,0
Arizona,4.0,Greenlee,4011.0,2003,2003.0,Jun,6,87.035,85.8204,0
Arizona,4.0,Greenlee,4011.0,2003,2003.0,Jul,7,93.1307,90.0932,0
Arizona,4.0,Greenlee,4011.0,2003,2003.0,Aug,8,87.9137,87.3348,0
Arizona,4.0,Greenlee,4011.0,2003,2003.0,Sep,9,83.0906,84.5181,0
Arizona,4.0,Greenlee,4011.0,2003,2003.0,Oct,10,76.5102,81.6995,0
Arizona,4.0,Greenlee,4011.0,2004,2004.0,Mar,3,64.9368,79.4636,0
Arizona,4.0,Greenlee,4011.0,2004,2004.0,Apr,4,65.492,79.2469,0
Arizona,4.0,Greenlee,4011.0,2004,2004.0,May,5,78.3768,81.8945,0
Arizona,4.0,Greenlee,4011.0,2004,2004.0,Jun,6,85.8712,85.0117,0
Arizona,4.0,Greenlee,4011.0,2004,2004.0,Jul,7,87.9512,86.9329,0
Arizona,4.0,Greenlee,4011.0,2004,2004.0,Aug,8,83.5096,85.2707,0
Arizona,4.0,Greenlee,4011.0,2004,2004.0,Sep,9,79.1281,83.5828,0
Arizona,4.0,Greenlee,4011.0,2004,2004.0,Oct,10,67.5309,80.2704,0
Arizona,4.0,Greenlee,4011.0,2005,2005.0,Apr,4,66.6761,79.4457,0
Arizona,4.0,Greenlee,4011.0,2005,2005.0,May,5,78.2593,84.5108,0
Arizona,4.0,Greenlee,4011.0,2005,2005.0,Jun,6,84.5836,85.762,1
Arizona,4.0,Greenlee,4011.0,2005,2005.0,Jul,7,90.7849,88.6612,0
Arizona,4.0,Greenlee,4011.0,2005,2005.0,Aug,8,84.8212,85.8932,0
Arizona,4.0,Greenlee,4011.0,2005,2005.0,Sep,9,82.9227,84.2066,0
Arizona,4.0,Greenlee,4011.0,2005,2005.0,Oct,10,71.0921,82.3635,0
Arizona,4.0,Greenlee,4011.0,2005,2005.0,Nov,11,62.7737,78.8,0
Arizona,4.0,Greenlee,4011.0,2006,2006.0,Apr,4,70.6296,80.725,1
Arizona,4.0,Greenlee,4011.0,2006,2006.0,May,5,80.8873,83.1823,0
Arizona,4.0,Greenlee,4011.0,2006,2006.0,Jun,6,89.3575,87.2535,0
Arizona,4.0,Greenlee,4011.0,2006,2006.0,Jul,7,87.6838,88.4467,0
Arizona,4.0,Greenlee,4011.0,2006,2006.0,Aug,8,81.5735,84.7691,0
Arizona,4.0,Greenlee,4011.0,2006,2006.0,Sep,9,76.8976,82.3212,0
Arizona,4.0,Greenlee,4011.0,2006,2006.0,Oct,10,68.4422,82.4216,0
Arizona,4.0,Greenlee,4011.0,2006,2006.0,Nov,11,62.1582,78.9333,0
Arizona,4.0,Greenlee,4011.0,2007,2007.0,Mar,3,62.8962,80.148,0
Arizona,4.0,Greenlee,4011.0,2007,2007.0,Apr,4,68.3805,80.3813,0
Arizona,4.0,Greenlee,4011.0,2007,2007.0,May,5,77.3847,82.1453,0
Arizona,4.0,Greenlee,4011.0,2007,2007.0,Jun,6,87.2897,86.7483,0
Arizona,4.0,Greenlee,4011.0,2007,2007.0,Jul,7,88.7715,88.1629,0
Arizona,4.0,Greenlee,4011.0,2007,2007.0,Aug,8,85.5215,87.3706,1
Arizona,4.0,Greenlee,4011.0,2007,2007.0,Sep,9,80.8806,83.831,1
Arizona,4.0,Greenlee,4011.0,2007,2007.0,Oct,10,72.0736,81.7251,0
Arizona,4.0,Greenlee,4011.0,2007,2007.0,Nov,11,65.2046,78.8687,0
Arizona,4.0,Greenlee,4011.0,2008,2008.0,Apr,4,67.3145,79.9984,0
Arizona,4.0,Greenlee,4011.0,2008,2008.0,May,5,73.4962,82.5211,0
Arizona,4.0,Greenlee,4011.0,2008,2008.0,Jun,6,87.0981,86.3959,0
Arizona,4.0,Greenlee,4011.0,2008,2008.0,Jul,7,84.54,86.7155,0
Arizona,4.0,Greenlee,4011.0,2008,2008.0,Aug,8,83.9587,86.1192,0
Arizona,4.0,Greenlee,4011.0,2008,2008.0,Sep,9,79.2749,82.6763,0
Arizona,4.0,Greenlee,4011.0,2008,2008.0,Oct,10,71.5148,80.2966,0
Arizona,4.0,Greenlee,4011.0,2008,2008.0,Nov,11,60.8266,78.975,0
Arizona,4.0,Greenlee,4011.0,2009,2009.0,Feb,2,55.9456,78.5333,0
Arizona,4.0,Greenlee,4011.0,2009,2009.0,Mar,3,62.4786,78.7929,0
Arizona,4.0,Greenlee,4011.0,2009,2009.0,Apr,4,66.3819,80.337,0
Arizona,4.0,Greenlee,4011.0,2009,2009.0,May,5,81.0422,82.9152,1
Arizona,4.0,Greenlee,4011.0,2009,2009.0,Jun,6,83.8127,84.6937,0
Arizona,4.0,Greenlee,4011.0,2009,2009.0,Jul,7,93.0641,89.8724,0
Arizona,4.0,Greenlee,4011.0,2009,2009.0,Aug,8,90.4107,87.773,0
Arizona,4.0,Greenlee,4011.0,2009,2009.0,Sep,9,84.2612,84.5291,0
Arizona,4.0,Greenlee,4011.0,2009,2009.0,Oct,10,69.6932,80.8423,0
Arizona,4.0,Greenlee,4011.0,2009,2009.0,Nov,11,63.5086,78.6857,0
Arizona,4.0,Greenlee,4011.0,2010,2010.0,Apr,4,65.7213,79.764,0
Arizona,4.0,Greenlee,4011.0,2010,2010.0,May,5,75.1047,82.209,0
Arizona,4.0,Greenlee,4011.0,2010,2010.0,Jun,6,87.3692,86.457,0
Arizona,4.0,Greenlee,4011.0,2010,2010.0,Jul,7,88.1902,87.952,0
Arizona,4.0,Greenlee,4011.0,2010,2010.0,Aug,8,86.2569,87.0934,0
Arizona,4.0,Greenlee,4011.0,2010,2010.0,Sep,9,84.5981,84.9387,0
Arizona,4.0,Greenlee,4011.0,2010,2010.0,Oct,10,72.1749,81.5208,0
Arizona,4.0,Greenlee,4011.0,2011,2011.0,Mar,3,64.8166,78.8143,0
Arizona,4.0,Greenlee,4011.0,2011,2011.0,Apr,4,70.6087,80.3368,0
Arizona,4.0,Greenlee,4011.0,2011,2011.0,May,5,74.244,81.9538,0
Arizona,4.0,Greenlee,4011.0,2011,2011.0,Jun,6,89.3466,87.1112,0
Arizona,4.0,Greenlee,4011.0,2011,2011.0,Jul,7,89.7526,88.0146,0
Arizona,4.0,Greenlee,4011.0,2011,2011.0,Aug,8,89.6125,88.6169,0
Arizona,4.0,Greenlee,4011.0,2011,2011.0,Sep,9,83.1651,84.2254,0
Arizona,4.0,Greenlee,4011.0,2011,2011.0,Oct,10,72.8562,80.9163,1
Arizona,4.0,La Paz,4012.0,2000,2000.0,Jan,1,66.6314,79.8721,0
Arizona,4.0,La Paz,4012.0,2000,2000.0,Mar,3,71.503,79.9857,1
Arizona,4.0,La Paz,4012.0,2000,2000.0,Apr,4,84.6058,84.4218,0
Arizona,4.0,La Paz,4012.0,2000,2000.0,May,5,93.7572,90.3788,0
Arizona,4.0,La Paz,4012.0,2000,2000.0,Jun,6,100.1801,96.3226,0
Arizona,4.0,La Paz,4012.0,2000,2000.0,Jul,7,104.0249,99.6979,0
Arizona,4.0,La Paz,4012.0,2000,2000.0,Aug,8,100.9294,99.8171,0
Arizona,4.0,La Paz,4012.0,2000,2000.0,Sep,9,96.263,93.4992,0
Arizona,4.0,La Paz,4012.0,2000,2000.0,Oct,10,80.2691,85.9698,0
Arizona,4.0,La Paz,4012.0,2001,2001.0,Mar,3,72.8436,80.9068,0
Arizona,4.0,La Paz,4012.0,2001,2001.0,Apr,4,78.5868,84.9961,1
Arizona,4.0,La Paz,4012.0,2001,2001.0,May,5,95.8611,92.1502,1
Arizona,4.0,La Paz,4012.0,2001,2001.0,Jun,6,101.0434,96.0825,0
Arizona,4.0,La Paz,4012.0,2001,2001.0,Jul,7,101.6282,98.4679,1
Arizona,4.0,La Paz,4012.0,2001,2001.0,Aug,8,102.3424,101.0385,1
Arizona,4.0,La Paz,4012.0,2001,2001.0,Sep,9,98.4099,95.846,0
Arizona,4.0,La Paz,4012.0,2001,2001.0,Oct,10,87.3425,84.6192,0
Arizona,4.0,La Paz,4012.0,2001,2001.0,Nov,11,74.6376,81.0063,1
Arizona,4.0,La Paz,4012.0,2002,2002.0,Feb,2,69.8837,79.3124,1
Arizona,4.0,La Paz,4012.0,2002,2002.0,Mar,3,71.9822,81.2275,0
Arizona,4.0,La Paz,4012.0,2002,2002.0,Apr,4,83.1049,83.796,0
Arizona,4.0,La Paz,4012.0,2002,2002.0,May,5,89.1658,86.5254,1
Arizona,4.0,La Paz,4012.0,2002,2002.0,Jun,6,100.9277,95.369,1
Arizona,4.0,La Paz,4012.0,2002,2002.0,Jul,7,103.4719,100.1794,0
Arizona,4.0,La Paz,4012.0,2002,2002.0,Aug,8,102.7915,99.0812,0
Arizona,4.0,La Paz,4012.0,2002,2002.0,Sep,9,97.1633,94.0187,0
Arizona,4.0,La Paz,4012.0,2002,2002.0,Oct,10,82.1051,84.6108,0
Arizona,4.0,La Paz,4012.0,2002,2002.0,Nov,11,73.8491,78.8747,1
Arizona,4.0,La Paz,4012.0,2003,2003.0,Jan,1,69.3368,79.3029,3
Arizona,4.0,La Paz,4012.0,2003,2003.0,Feb,2,64.5237,79.2941,0
Arizona,4.0,La Paz,4012.0,2003,2003.0,Mar,3,72.3129,80.2648,0
Arizona,4.0,La Paz,4012.0,2003,2003.0,Apr,4,76.0905,80.8693,1
Arizona,4.0,La Paz,4012.0,2003,2003.0,May,5,91.1858,90.5798,0
Arizona,4.0,La Paz,4012.0,2003,2003.0,Jun,6,98.9273,93.6899,0
Arizona,4.0,La Paz,4012.0,2003,2003.0,Jul,7,106.1287,102.7707,0
Arizona,4.0,La Paz,4012.0,2003,2003.0,Aug,8,101.6596,100.5058,0
Arizona,4.0,La Paz,4012.0,2003,2003.0,Sep,9,98.0823,95.8352,1
Arizona,4.0,La Paz,4012.0,2003,2003.0,Oct,10,90.9064,88.646,0
Arizona,4.0,La Paz,4012.0,2003,2003.0,Nov,11,67.6972,78.985,1
Arizona,4.0,La Paz,4012.0,2004,2004.0,Feb,2,62.4494,78.6375,0
Arizona,4.0,La Paz,4012.0,2004,2004.0,Mar,3,81.525,83.0667,0
Arizona,4.0,La Paz,4012.0,2004,2004.0,Apr,4,80.3382,82.8245,0
Arizona,4.0,La Paz,4012.0,2004,2004.0,May,5,91.895,87.631,0
Arizona,4.0,La Paz,4012.0,2004,2004.0,Jun,6,98.5222,93.4484,1
Arizona,4.0,La Paz,4012.0,2004,2004.0,Jul,7,103.5778,100.0989,1
Arizona,4.0,La Paz,4012.0,2004,2004.0,Aug,8,101.5954,98.3005,0
Arizona,4.0,La Paz,4012.0,2004,2004.0,Sep,9,95.04,92.1621,1
Arizona,4.0,La Paz,4012.0,2004,2004.0,Oct,10,79.6695,85.4565,1
Arizona,4.0,La Paz,4012.0,2004,2004.0,Nov,11,64.7235,79.7125,1
Arizona,4.0,La Paz,4012.0,2005,2005.0,Mar,3,70.2531,80.3948,3
Arizona,4.0,La Paz,4012.0,2005,2005.0,Apr,4,79.3034,81.5807,2
Arizona,4.0,La Paz,4012.0,2005,2005.0,May,5,91.4768,89.1226,0
Arizona,4.0,La Paz,4012.0,2005,2005.0,Jun,6,97.5958,92.7571,1
Arizona,4.0,La Paz,4012.0,2005,2005.0,Jul,7,105.9714,103.2902,0
Arizona,4.0,La Paz,4012.0,2005,2005.0,Aug,8,100.0791,99.9323,0
Arizona,4.0,La Paz,4012.0,2005,2005.0,Sep,9,95.65,91.6774,0
Arizona,4.0,La Paz,4012.0,2005,2005.0,Oct,10,82.9392,84.658,0
Arizona,4.0,La Paz,4012.0,2005,2005.0,Nov,11,72.3761,79.6817,1
Arizona,4.0,La Paz,4012.0,2006,2006.0,Feb,2,69.5682,79.124,1
Arizona,4.0,La Paz,4012.0,2006,2006.0,Mar,3,67.7013,79.4655,1
Arizona,4.0,La Paz,4012.0,2006,2006.0,Apr,4,79.0501,82.0487,1
Arizona,4.0,La Paz,4012.0,2006,2006.0,May,5,93.2627,89.2668,1
Arizona,4.0,La Paz,4012.0,2006,2006.0,Jun,6,103.5601,98.4455,1
Arizona,4.0,La Paz,4012.0,2006,2006.0,Jul,7,106.1668,105.2562,1
Arizona,4.0,La Paz,4012.0,2006,2006.0,Aug,8,101.0092,99.5423,0
Arizona,4.0,La Paz,4012.0,2006,2006.0,Sep,9,94.5131,91.9748,0
Arizona,4.0,La Paz,4012.0,2006,2006.0,Oct,10,82.3867,83.8991,1
Arizona,4.0,La Paz,4012.0,2006,2006.0,Nov,11,74.7553,80.2605,0
Arizona,4.0,La Paz,4012.0,2007,2007.0,Feb,2,67.2527,78.9538,3
Arizona,4.0,La Paz,4012.0,2007,2007.0,Mar,3,76.3401,82.4966,3
Arizona,4.0,La Paz,4012.0,2007,2007.0,Apr,4,81.9997,84.1407,0
Arizona,4.0,La Paz,4012.0,2007,2007.0,May,5,91.4381,88.144,0
Arizona,4.0,La Paz,4012.0,2007,2007.0,Jun,6,100.7022,95.1325,1
Arizona,4.0,La Paz,4012.0,2007,2007.0,Jul,7,104.3711,102.1174,2
Arizona,4.0,La Paz,4012.0,2007,2007.0,Aug,8,103.2087,102.4797,1
Arizona,4.0,La Paz,4012.0,2007,2007.0,Sep,9,94.9938,93.6349,1
Arizona,4.0,La Paz,4012.0,2007,2007.0,Oct,10,84.2346,83.9747,2
Arizona,4.0,La Paz,4012.0,2007,2007.0,Nov,11,77.1842,80.8969,2
Arizona,4.0,La Paz,4012.0,2008,2008.0,Feb,2,65.1338,78.6929,0
Arizona,4.0,La Paz,4012.0,2008,2008.0,Mar,3,74.697,80.3103,0
Arizona,4.0,La Paz,4012.0,2008,2008.0,Apr,4,81.8831,82.8579,0
Arizona,4.0,La Paz,4012.0,2008,2008.0,May,5,85.9673,85.9715,1
Arizona,4.0,La Paz,4012.0,2008,2008.0,Jun,6,102.3318,96.4232,1
Arizona,4.0,La Paz,4012.0,2008,2008.0,Jul,7,102.9899,100.6347,0
Arizona,4.0,La Paz,4012.0,2008,2008.0,Aug,8,101.1096,100.2088,0
Arizona,4.0,La Paz,4012.0,2008,2008.0,Sep,9,97.6034,94.4444,0
Arizona,4.0,La Paz,4012.0,2008,2008.0,Oct,10,86.5044,85.354,1
Arizona,4.0,La Paz,4012.0,2008,2008.0,Nov,11,75.1293,80.841,2
Arizona,4.0,La Paz,4012.0,2009,2009.0,Feb,2,66.5386,79.1366,1
Arizona,4.0,La Paz,4012.0,2009,2009.0,Mar,3,74.2131,80.8841,2
Arizona,4.0,La Paz,4012.0,2009,2009.0,Apr,4,79.7109,83.6611,3
Arizona,4.0,La Paz,4012.0,2009,2009.0,May,5,95.3202,90.6301,0
Arizona,4.0,La Paz,4012.0,2009,2009.0,Jun,6,94.7224,90.6544,0
Arizona,4.0,La Paz,4012.0,2009,2009.0,Jul,7,106.861,103.8152,0
Arizona,4.0,La Paz,4012.0,2009,2009.0,Aug,8,104.0317,100.0751,1
Arizona,4.0,La Paz,4012.0,2009,2009.0,Sep,9,99.6512,95.9203,3
Arizona,4.0,La Paz,4012.0,2009,2009.0,Oct,10,82.2302,83.5095,0
Arizona,4.0,La Paz,4012.0,2009,2009.0,Nov,11,75.2997,82.1157,4
Arizona,4.0,La Paz,4012.0,2010,2010.0,Mar,3,70.2798,79.9699,2
Arizona,4.0,La Paz,4012.0,2010,2010.0,Apr,4,76.9607,82.3021,1
Arizona,4.0,La Paz,4012.0,2010,2010.0,May,5,85.9418,85.0224,0
Arizona,4.0,La Paz,4012.0,2010,2010.0,Jun,6,98.7419,93.7081,2
Arizona,4.0,La Paz,4012.0,2010,2010.0,Jul,7,104.9455,102.3098,4
Arizona,4.0,La Paz,4012.0,2010,2010.0,Aug,8,102.3884,100.4827,0
Arizona,4.0,La Paz,4012.0,2010,2010.0,Sep,9,99.856,95.9339,1
Arizona,4.0,La Paz,4012.0,2010,2010.0,Oct,10,84.0731,86.7673,2
Arizona,4.0,La Paz,4012.0,2010,2010.0,Nov,11,69.2471,81.883,4
Arizona,4.0,La Paz,4012.0,2011,2011.0,Mar,3,74.6698,80.9751,4
Arizona,4.0,La Paz,4012.0,2011,2011.0,Apr,4,81.103,82.7276,3
Arizona,4.0,La Paz,4012.0,2011,2011.0,May,5,85.9577,85.8941,3
Arizona,4.0,La Paz,4012.0,2011,2011.0,Jun,6,98.5316,93.3811,3
Arizona,4.0,La Paz,4012.0,2011,2011.0,Jul,7,102.9698,100.5654,6
Arizona,4.0,La Paz,4012.0,2011,2011.0,Aug,8,105.9823,103.2906,2
Arizona,4.0,La Paz,4012.0,2011,2011.0,Sep,9,98.506,94.6013,4
Arizona,4.0,La Paz,4012.0,2011,2011.0,Oct,10,85.9851,86.4595,2
Arizona,4.0,La Paz,4012.0,2011,2011.0,Nov,11,69.026,80.7576,4
Arizona,4.0,Maricopa,4013.0,2000,2000.0,Jan,1,66.9554,79.5684,166
Arizona,4.0,Maricopa,4013.0,2000,2000.0,Feb,2,69.488,78.7013,132
Arizona,4.0,Maricopa,4013.0,2000,2000.0,Mar,3,71.2567,79.4633,126
Arizona,4.0,Maricopa,4013.0,2000,2000.0,Apr,4,84.7078,84.6871,87
Arizona,4.0,Maricopa,4013.0,2000,2000.0,May,5,94.0593,90.1346,109
Arizona,4.0,Maricopa,4013.0,2000,2000.0,Jun,6,100.0212,96.4786,124
Arizona,4.0,Maricopa,4013.0,2000,2000.0,Jul,7,104.0016,100.2437,123
Arizona,4.0,Maricopa,4013.0,2000,2000.0,Aug,8,100.6663,99.5773,118
Arizona,4.0,Maricopa,4013.0,2000,2000.0,Sep,9,97.4743,94.8702,62
Arizona,4.0,Maricopa,4013.0,2000,2000.0,Oct,10,80.431,86.3508,141
Arizona,4.0,Maricopa,4013.0,2001,2001.0,Mar,3,73.0745,81.1814,90
Arizona,4.0,Maricopa,4013.0,2001,2001.0,Apr,4,78.8049,85.2324,77
Arizona,4.0,Maricopa,4013.0,2001,2001.0,May,5,94.9661,91.6496,83
Arizona,4.0,Maricopa,4013.0,2001,2001.0,Jun,6,100.7209,95.969,90
Arizona,4.0,Maricopa,4013.0,2001,2001.0,Jul,7,101.2088,98.8397,115
Arizona,4.0,Maricopa,4013.0,2001,2001.0,Aug,8,100.7947,100.0805,130
Arizona,4.0,Maricopa,4013.0,2001,2001.0,Sep,9,98.2071,95.6106,108
Arizona,4.0,Maricopa,4013.0,2001,2001.0,Oct,10,87.1653,84.6798,103
Arizona,4.0,Maricopa,4013.0,2001,2001.0,Nov,11,74.9624,81.6103,307
Arizona,4.0,Maricopa,4013.0,2002,2002.0,Feb,2,70.3524,79.0946,180
Arizona,4.0,Maricopa,4013.0,2002,2002.0,Mar,3,72.4073,81.076,162
Arizona,4.0,Maricopa,4013.0,2002,2002.0,Apr,4,84.1767,84.4428,224
Arizona,4.0,Maricopa,4013.0,2002,2002.0,May,5,89.7775,87.1909,181
Arizona,4.0,Maricopa,4013.0,2002,2002.0,Jun,6,101.6833,96.1158,150
Arizona,4.0,Maricopa,4013.0,2002,2002.0,Jul,7,102.5568,99.6556,173
Arizona,4.0,Maricopa,4013.0,2002,2002.0,Aug,8,102.3612,99.2534,166
Arizona,4.0,Maricopa,4013.0,2002,2002.0,Sep,9,96.8949,94.2778,127
Arizona,4.0,Maricopa,4013.0,2002,2002.0,Oct,10,82.3601,84.4679,166
Arizona,4.0,Maricopa,4013.0,2002,2002.0,Nov,11,73.8813,78.9649,231
Arizona,4.0,Maricopa,4013.0,2003,2003.0,Jan,1,69.7615,79.1385,222
Arizona,4.0,Maricopa,4013.0,2003,2003.0,Feb,2,64.6241,78.8873,138
Arizona,4.0,Maricopa,4013.0,2003,2003.0,Mar,3,71.9452,80.2037,135
Arizona,4.0,Maricopa,4013.0,2003,2003.0,Apr,4,76.8258,81.404,130
Arizona,4.0,Maricopa,4013.0,2003,2003.0,May,5,91.4338,90.362,92
Arizona,4.0,Maricopa,4013.0,2003,2003.0,Jun,6,99.0431,93.8577,114
Arizona,4.0,Maricopa,4013.0,2003,2003.0,Jul,7,105.5085,102.6232,181
Arizona,4.0,Maricopa,4013.0,2003,2003.0,Aug,8,100.7752,100.0617,180
Arizona,4.0,Maricopa,4013.0,2003,2003.0,Sep,9,97.1524,95.376,171
Arizona,4.0,Maricopa,4013.0,2003,2003.0,Oct,10,90.2778,88.4728,209
Arizona,4.0,Maricopa,4013.0,2003,2003.0,Nov,11,68.7914,78.8558,142
Arizona,4.0,Maricopa,4013.0,2004,2004.0,Feb,2,62.4548,78.9734,271
Arizona,4.0,Maricopa,4013.0,2004,2004.0,Mar,3,81.3412,83.4603,196
Arizona,4.0,Maricopa,4013.0,2004,2004.0,Apr,4,80.0391,82.7151,166
Arizona,4.0,Maricopa,4013.0,2004,2004.0,May,5,91.8458,87.7089,160
Arizona,4.0,Maricopa,4013.0,2004,2004.0,Jun,6,98.8026,93.7061,209
Arizona,4.0,Maricopa,4013.0,2004,2004.0,Jul,7,102.7433,100.0524,239
Arizona,4.0,Maricopa,4013.0,2004,2004.0,Aug,8,100.3885,97.6449,272
Arizona,4.0,Maricopa,4013.0,2004,2004.0,Sep,9,95.0494,92.2775,262
Arizona,4.0,Maricopa,4013.0,2004,2004.0,Oct,10,80.7875,85.2799,221
Arizona,4.0,Maricopa,4013.0,2004,2004.0,Nov,11,65.6355,78.8389,278
Arizona,4.0,Maricopa,4013.0,2005,2005.0,Mar,3,69.8108,80.388,96
Arizona,4.0,Maricopa,4013.0,2005,2005.0,Apr,4,79.474,82.0581,131
Arizona,4.0,Maricopa,4013.0,2005,2005.0,May,5,91.1617,88.9488,172
Arizona,4.0,Maricopa,4013.0,2005,2005.0,Jun,6,97.8358,93.2256,141
Arizona,4.0,Maricopa,4013.0,2005,2005.0,Jul,7,104.9746,102.2957,152
Arizona,4.0,Maricopa,4013.0,2005,2005.0,Aug,8,99.2711,99.318,217
Arizona,4.0,Maricopa,4013.0,2005,2005.0,Sep,9,96.2689,92.9456,161
Arizona,4.0,Maricopa,4013.0,2005,2005.0,Oct,10,84.2043,84.6768,230
Arizona,4.0,Maricopa,4013.0,2005,2005.0,Nov,11,74.3232,80.5409,391
Arizona,4.0,Maricopa,4013.0,2006,2006.0,Feb,2,70.7921,79.1172,414
Arizona,4.0,Maricopa,4013.0,2006,2006.0,Mar,3,68.3422,79.3261,526
Arizona,4.0,Maricopa,4013.0,2006,2006.0,Apr,4,80.234,82.2997,403
Arizona,4.0,Maricopa,4013.0,2006,2006.0,May,5,93.1108,89.3396,305
Arizona,4.0,Maricopa,4013.0,2006,2006.0,Jun,6,103.8077,98.8453,330
Arizona,4.0,Maricopa,4013.0,2006,2006.0,Jul,7,104.8466,104.0514,353
Arizona,4.0,Maricopa,4013.0,2006,2006.0,Aug,8,99.6491,99.1492,340
Arizona,4.0,Maricopa,4013.0,2006,2006.0,Sep,9,92.9453,90.9809,193
Arizona,4.0,Maricopa,4013.0,2006,2006.0,Oct,10,82.8354,84.8359,221
Arizona,4.0,Maricopa,4013.0,2006,2006.0,Nov,11,75.7895,80.5154,298
Arizona,4.0,Maricopa,4013.0,2007,2007.0,Feb,2,66.8364,78.9644,309
Arizona,4.0,Maricopa,4013.0,2007,2007.0,Mar,3,76.7218,82.4756,280
Arizona,4.0,Maricopa,4013.0,2007,2007.0,Apr,4,81.8973,83.8114,288
Arizona,4.0,Maricopa,4013.0,2007,2007.0,May,5,91.802,88.5562,245
Arizona,4.0,Maricopa,4013.0,2007,2007.0,Jun,6,101.2164,95.6391,233
Arizona,4.0,Maricopa,4013.0,2007,2007.0,Jul,7,103.5303,101.6737,296
Arizona,4.0,Maricopa,4013.0,2007,2007.0,Aug,8,101.9891,102.0501,282
Arizona,4.0,Maricopa,4013.0,2007,2007.0,Sep,9,95.8016,94.0839,208
Arizona,4.0,Maricopa,4013.0,2007,2007.0,Oct,10,85.2229,84.7418,255
Arizona,4.0,Maricopa,4013.0,2007,2007.0,Nov,11,78.7018,81.7363,354
Arizona,4.0,Maricopa,4013.0,2008,2008.0,Feb,2,65.0914,78.5657,302
Arizona,4.0,Maricopa,4013.0,2008,2008.0,Mar,3,74.6016,80.3571,235
Arizona,4.0,Maricopa,4013.0,2008,2008.0,Apr,4,81.8688,82.839,248
Arizona,4.0,Maricopa,4013.0,2008,2008.0,May,5,86.069,85.9069,315
Arizona,4.0,Maricopa,4013.0,2008,2008.0,Jun,6,102.0342,96.5142,229
Arizona,4.0,Maricopa,4013.0,2008,2008.0,Jul,7,102.0465,100.602,246
Arizona,4.0,Maricopa,4013.0,2008,2008.0,Aug,8,99.7258,99.4285,226
Arizona,4.0,Maricopa,4013.0,2008,2008.0,Sep,9,96.8556,94.1711,260
Arizona,4.0,Maricopa,4013.0,2008,2008.0,Oct,10,86.9961,85.7018,243
Arizona,4.0,Maricopa,4013.0,2008,2008.0,Nov,11,74.9225,81.3272,352
Arizona,4.0,Maricopa,4013.0,2009,2009.0,Jan,1,65.253,78.8138,424
Arizona,4.0,Maricopa,4013.0,2009,2009.0,Feb,2,67.7406,79.7194,246
Arizona,4.0,Maricopa,4013.0,2009,2009.0,Mar,3,75.0854,81.4443,287
Arizona,4.0,Maricopa,4013.0,2009,2009.0,Apr,4,79.5474,83.8962,287
Arizona,4.0,Maricopa,4013.0,2009,2009.0,May,5,94.659,90.3576,361
Arizona,4.0,Maricopa,4013.0,2009,2009.0,Jun,6,95.7318,91.6118,1009
Arizona,4.0,Maricopa,4013.0,2009,2009.0,Jul,7,106.9506,104.3274,898
Arizona,4.0,Maricopa,4013.0,2009,2009.0,Aug,8,104.2008,100.2497,799
Arizona,4.0,Maricopa,4013.0,2009,2009.0,Sep,9,99.5929,96.0181,924
Arizona,4.0,Maricopa,4013.0,2009,2009.0,Oct,10,82.7649,83.9567,866
Arizona,4.0,Maricopa,4013.0,2009,2009.0,Nov,11,77.0568,83.1247,1076
Arizona,4.0,Maricopa,4013.0,2010,2010.0,Mar,3,70.4052,80.0856,735
Arizona,4.0,Maricopa,4013.0,2010,2010.0,Apr,4,77.7763,82.5197,552
Arizona,4.0,Maricopa,4013.0,2010,2010.0,May,5,86.6415,85.7041,663
Arizona,4.0,Maricopa,4013.0,2010,2010.0,Jun,6,99.2014,94.173,703
Arizona,4.0,Maricopa,4013.0,2010,2010.0,Jul,7,104.2801,102.1897,673
Arizona,4.0,Maricopa,4013.0,2010,2010.0,Aug,8,101.6304,100.5458,774
Arizona,4.0,Maricopa,4013.0,2010,2010.0,Sep,9,100.1842,96.7146,727
Arizona,4.0,Maricopa,4013.0,2010,2010.0,Oct,10,85.039,86.058,915
Arizona,4.0,Maricopa,4013.0,2010,2010.0,Nov,11,70.1955,82.2245,1085
Arizona,4.0,Maricopa,4013.0,2011,2011.0,Mar,3,75.9882,81.1461,1145
Arizona,4.0,Maricopa,4013.0,2011,2011.0,Apr,4,81.9458,82.9238,1101
Arizona,4.0,Maricopa,4013.0,2011,2011.0,May,5,86.5602,86.1341,1099
Arizona,4.0,Maricopa,4013.0,2011,2011.0,Jun,6,99.8649,94.5227,1124
Arizona,4.0,Maricopa,4013.0,2011,2011.0,Jul,7,103.1616,100.938,1112
Arizona,4.0,Maricopa,4013.0,2011,2011.0,Aug,8,105.874,104.094,1272
Arizona,4.0,Maricopa,4013.0,2011,2011.0,Sep,9,99.232,95.5135,958
Arizona,4.0,Maricopa,4013.0,2011,2011.0,Oct,10,87.1569,86.8082,994
Arizona,4.0,Maricopa,4013.0,2011,2011.0,Nov,11,70.0669,81.1228,1200
Arizona,4.0,Mohave,4015.0,2000,2000.0,Jan,1,55.8488,80.0074,0
Arizona,4.0,Mohave,4015.0,2000,2000.0,Feb,2,58.0514,78.7,2
Arizona,4.0,Mohave,4015.0,2000,2000.0,Mar,3,62.0003,79.4037,0
Arizona,4.0,Mohave,4015.0,2000,2000.0,Apr,4,75.2818,82.3002,1
Arizona,4.0,Mohave,4015.0,2000,2000.0,May,5,84.8384,85.9935,2
Arizona,4.0,Mohave,4015.0,2000,2000.0,Jun,6,92.4856,89.2357,3
Arizona,4.0,Mohave,4015.0,2000,2000.0,Jul,7,95.8089,91.4918,2
Arizona,4.0,Mohave,4015.0,2000,2000.0,Aug,8,93.475,91.8371,0
Arizona,4.0,Mohave,4015.0,2000,2000.0,Sep,9,87.3233,86.6108,3
Arizona,4.0,Mohave,4015.0,2000,2000.0,Oct,10,70.7436,83.5895,2
Arizona,4.0,Mohave,4015.0,2001,2001.0,Mar,3,63.8798,80.3137,1
Arizona,4.0,Mohave,4015.0,2001,2001.0,Apr,4,68.6379,82.6128,0
Arizona,4.0,Mohave,4015.0,2001,2001.0,May,5,86.3945,86.1642,3
Arizona,4.0,Mohave,4015.0,2001,2001.0,Jun,6,92.2982,89.3691,0
Arizona,4.0,Mohave,4015.0,2001,2001.0,Jul,7,93.8256,90.3566,3
Arizona,4.0,Mohave,4015.0,2001,2001.0,Aug,8,94.9712,92.1244,0
Arizona,4.0,Mohave,4015.0,2001,2001.0,Sep,9,90.3234,87.3798,1
Arizona,4.0,Mohave,4015.0,2001,2001.0,Oct,10,78.8027,82.464,5
Arizona,4.0,Mohave,4015.0,2001,2001.0,Nov,11,64.1048,80.6397,4
Arizona,4.0,Mohave,4015.0,2002,2002.0,Feb,2,58.0084,79.2619,3
Arizona,4.0,Mohave,4015.0,2002,2002.0,Mar,3,61.3518,80.6828,6
Arizona,4.0,Mohave,4015.0,2002,2002.0,Apr,4,74.5165,82.0867,1
Arizona,4.0,Mohave,4015.0,2002,2002.0,May,5,80.7076,84.3786,2
Arizona,4.0,Mohave,4015.0,2002,2002.0,Jun,6,93.2763,89.3891,1
Arizona,4.0,Mohave,4015.0,2002,2002.0,Jul,7,98.0288,93.9205,1
Arizona,4.0,Mohave,4015.0,2002,2002.0,Aug,8,94.988,90.7351,3
Arizona,4.0,Mohave,4015.0,2002,2002.0,Sep,9,87.1556,86.9512,2
Arizona,4.0,Mohave,4015.0,2002,2002.0,Oct,10,72.5461,82.4431,1
Arizona,4.0,Mohave,4015.0,2002,2002.0,Nov,11,62.3293,79.2267,6
Arizona,4.0,Mohave,4015.0,2003,2003.0,Jan,1,60.4473,79.86,1
Arizona,4.0,Mohave,4015.0,2003,2003.0,Feb,2,54.0099,79.63,1
Arizona,4.0,Mohave,4015.0,2003,2003.0,Mar,3,61.5321,79.8674,3
Arizona,4.0,Mohave,4015.0,2003,2003.0,Apr,4,65.6661,80.2513,1
Arizona,4.0,Mohave,4015.0,2003,2003.0,May,5,81.9537,86.8448,0
Arizona,4.0,Mohave,4015.0,2003,2003.0,Jun,6,90.9714,87.9064,3
Arizona,4.0,Mohave,4015.0,2003,2003.0,Jul,7,99.4303,95.2222,1
Arizona,4.0,Mohave,4015.0,2003,2003.0,Aug,8,93.8753,91.3902,6
Arizona,4.0,Mohave,4015.0,2003,2003.0,Sep,9,89.6191,87.6062,7
Arizona,4.0,Mohave,4015.0,2003,2003.0,Oct,10,81.8439,84.0348,5
Arizona,4.0,Mohave,4015.0,2003,2003.0,Nov,11,58.0101,78.9,8
Arizona,4.0,Mohave,4015.0,2004,2004.0,Feb,2,50.3799,78.2,4
Arizona,4.0,Mohave,4015.0,2004,2004.0,Mar,3,71.2451,81.7192,2
Arizona,4.0,Mohave,4015.0,2004,2004.0,Apr,4,69.8147,82.1221,4
Arizona,4.0,Mohave,4015.0,2004,2004.0,May,5,82.252,83.539,2
Arizona,4.0,Mohave,4015.0,2004,2004.0,Jun,6,90.7706,87.6459,5
Arizona,4.0,Mohave,4015.0,2004,2004.0,Jul,7,95.5794,91.498,2
Arizona,4.0,Mohave,4015.0,2004,2004.0,Aug,8,92.5903,89.3886,7
Arizona,4.0,Mohave,4015.0,2004,2004.0,Sep,9,85.6037,86.428,6
Arizona,4.0,Mohave,4015.0,2004,2004.0,Oct,10,69.7499,82.786,3
Arizona,4.0,Mohave,4015.0,2004,2004.0,Nov,11,55.3426,79.25,2
Arizona,4.0,Mohave,4015.0,2005,2005.0,Mar,3,59.4541,80.1358,3
Arizona,4.0,Mohave,4015.0,2005,2005.0,Apr,4,68.0491,80.7935,3
Arizona,4.0,Mohave,4015.0,2005,2005.0,May,5,80.8428,85.7884,3
Arizona,4.0,Mohave,4015.0,2005,2005.0,Jun,6,87.0155,86.4127,3
Arizona,4.0,Mohave,4015.0,2005,2005.0,Jul,7,98.1636,94.3565,1
Arizona,4.0,Mohave,4015.0,2005,2005.0,Aug,8,91.5616,89.804,2
Arizona,4.0,Mohave,4015.0,2005,2005.0,Sep,9,86.1285,85.5062,3
Arizona,4.0,Mohave,4015.0,2005,2005.0,Oct,10,73.7047,82.4306,5
Arizona,4.0,Mohave,4015.0,2005,2005.0,Nov,11,63.1841,79.6868,1
Arizona,4.0,Mohave,4015.0,2006,2006.0,Feb,2,58.7513,78.64,7
Arizona,4.0,Mohave,4015.0,2006,2006.0,Mar,3,57.2179,79.28,2
Arizona,4.0,Mohave,4015.0,2006,2006.0,Apr,4,70.1085,81.4913,3
Arizona,4.0,Mohave,4015.0,2006,2006.0,May,5,84.5936,85.3653,3
Arizona,4.0,Mohave,4015.0,2006,2006.0,Jun,6,94.6134,90.5541,5
Arizona,4.0,Mohave,4015.0,2006,2006.0,Jul,7,97.786,95.1011,4
Arizona,4.0,Mohave,4015.0,2006,2006.0,Aug,8,92.6705,89.8208,6
Arizona,4.0,Mohave,4015.0,2006,2006.0,Sep,9,85.1283,86.5254,6
Arizona,4.0,Mohave,4015.0,2006,2006.0,Oct,10,72.1033,82.6891,2
Arizona,4.0,Mohave,4015.0,2006,2006.0,Nov,11,64.6472,80.2721,3
Arizona,4.0,Mohave,4015.0,2007,2007.0,Feb,2,56.4518,78.6,3
Arizona,4.0,Mohave,4015.0,2007,2007.0,Mar,3,67.4763,81.6634,8
Arizona,4.0,Mohave,4015.0,2007,2007.0,Apr,4,72.9502,83.0168,5
Arizona,4.0,Mohave,4015.0,2007,2007.0,May,5,82.8394,84.2567,4
Arizona,4.0,Mohave,4015.0,2007,2007.0,Jun,6,92.6974,89.643,3
Arizona,4.0,Mohave,4015.0,2007,2007.0,Jul,7,97.9022,94.3081,3
Arizona,4.0,Mohave,4015.0,2007,2007.0,Aug,8,94.8085,92.4024,3
Arizona,4.0,Mohave,4015.0,2007,2007.0,Sep,9,85.8283,88.2045,3
Arizona,4.0,Mohave,4015.0,2007,2007.0,Oct,10,74.6918,82.0104,3
Arizona,4.0,Mohave,4015.0,2007,2007.0,Nov,11,67.1293,80.6323,5
Arizona,4.0,Mohave,4015.0,2008,2008.0,Feb,2,53.2927,79.1667,7
Arizona,4.0,Mohave,4015.0,2008,2008.0,Mar,3,62.6856,79.8335,4
Arizona,4.0,Mohave,4015.0,2008,2008.0,Apr,4,70.5333,81.7167,1
Arizona,4.0,Mohave,4015.0,2008,2008.0,May,5,76.1078,84.7491,3
Arizona,4.0,Mohave,4015.0,2008,2008.0,Jun,6,92.105,89.48,2
Arizona,4.0,Mohave,4015.0,2008,2008.0,Jul,7,95.6002,92.3557,3
Arizona,4.0,Mohave,4015.0,2008,2008.0,Aug,8,94.3724,91.5972,3
Arizona,4.0,Mohave,4015.0,2008,2008.0,Sep,9,88.35,86.3698,8
Arizona,4.0,Mohave,4015.0,2008,2008.0,Oct,10,76.3436,82.744,9
Arizona,4.0,Mohave,4015.0,2008,2008.0,Nov,11,65.452,80.8781,7
Arizona,4.0,Mohave,4015.0,2009,2009.0,Jan,1,53.5805,78.5,2
Arizona,4.0,Mohave,4015.0,2009,2009.0,Feb,2,55.2909,78.7333,3
Arizona,4.0,Mohave,4015.0,2009,2009.0,Mar,3,63.5418,80.2313,4
Arizona,4.0,Mohave,4015.0,2009,2009.0,Apr,4,69.4918,82.4763,2
Arizona,4.0,Mohave,4015.0,2009,2009.0,May,5,86.1469,85.0294,6
Arizona,4.0,Mohave,4015.0,2009,2009.0,Jun,6,85.6486,86.6065,5
Arizona,4.0,Mohave,4015.0,2009,2009.0,Jul,7,97.9133,94.0227,10
Arizona,4.0,Mohave,4015.0,2009,2009.0,Aug,8,94.7753,90.9688,11
Arizona,4.0,Mohave,4015.0,2009,2009.0,Sep,9,89.7358,87.6447,7
Arizona,4.0,Mohave,4015.0,2009,2009.0,Oct,10,71.4407,82.3997,7
Arizona,4.0,Mohave,4015.0,2009,2009.0,Nov,11,66.1733,81.224,8
Arizona,4.0,Mohave,4015.0,2010,2010.0,Mar,3,59.931,79.5266,10
Arizona,4.0,Mohave,4015.0,2010,2010.0,Apr,4,66.8895,81.2931,8
Arizona,4.0,Mohave,4015.0,2010,2010.0,May,5,75.0747,82.4028,9
Arizona,4.0,Mohave,4015.0,2010,2010.0,Jun,6,90.2657,87.9264,13
Arizona,4.0,Mohave,4015.0,2010,2010.0,Jul,7,97.4136,93.9964,10
Arizona,4.0,Mohave,4015.0,2010,2010.0,Aug,8,93.2075,91.1486,6
Arizona,4.0,Mohave,4015.0,2010,2010.0,Sep,9,90.668,87.9124,11
Arizona,4.0,Mohave,4015.0,2010,2010.0,Oct,10,73.8778,84.2101,10
Arizona,4.0,Mohave,4015.0,2010,2010.0,Nov,11,58.1043,80.734,7
Arizona,4.0,Mohave,4015.0,2011,2011.0,Mar,3,63.4097,80.583,10
Arizona,4.0,Mohave,4015.0,2011,2011.0,Apr,4,69.214,81.6227,11
Arizona,4.0,Mohave,4015.0,2011,2011.0,May,5,75.1939,82.915,16
Arizona,4.0,Mohave,4015.0,2011,2011.0,Jun,6,88.8274,87.2813,13
Arizona,4.0,Mohave,4015.0,2011,2011.0,Jul,7,94.6844,91.3768,11
Arizona,4.0,Mohave,4015.0,2011,2011.0,Aug,8,97.174,93.3909,9
Arizona,4.0,Mohave,4015.0,2011,2011.0,Sep,9,88.5696,87.0221,6
Arizona,4.0,Mohave,4015.0,2011,2011.0,Oct,10,75.1871,82.8143,12
Arizona,4.0,Mohave,4015.0,2011,2011.0,Nov,11,59.5121,79.9385,10
Arizona,4.0,Navajo,4017.0,2000,2000.0,Apr,4,68.0965,80.2279,0
Arizona,4.0,Navajo,4017.0,2000,2000.0,May,5,78.4068,82.5818,0
Arizona,4.0,Navajo,4017.0,2000,2000.0,Jun,6,85.1946,83.2756,2
Arizona,4.0,Navajo,4017.0,2000,2000.0,Jul,7,88.9777,85.5066,0
Arizona,4.0,Navajo,4017.0,2000,2000.0,Aug,8,86.214,85.0551,1
Arizona,4.0,Navajo,4017.0,2000,2000.0,Sep,9,81.0567,82.1849,0
Arizona,4.0,Navajo,4017.0,2000,2000.0,Oct,10,63.8774,80.6858,0
Arizona,4.0,Navajo,4017.0,2001,2001.0,Apr,4,62.7924,78.9202,0
Arizona,4.0,Navajo,4017.0,2001,2001.0,May,5,77.1639,81.1576,1
Arizona,4.0,Navajo,4017.0,2001,2001.0,Jun,6,85.0533,84.1728,1
Arizona,4.0,Navajo,4017.0,2001,2001.0,Jul,7,86.91,84.2954,1
Arizona,4.0,Navajo,4017.0,2001,2001.0,Aug,8,86.2404,84.1707,0
Arizona,4.0,Navajo,4017.0,2001,2001.0,Sep,9,82.3119,81.5734,0
Arizona,4.0,Navajo,4017.0,2001,2001.0,Oct,10,70.7512,79.0894,0
Arizona,4.0,Navajo,4017.0,2002,2002.0,Apr,4,68.2709,78.635,1
Arizona,4.0,Navajo,4017.0,2002,2002.0,May,5,74.2892,82.5099,0
Arizona,4.0,Navajo,4017.0,2002,2002.0,Jun,6,87.2584,84.9022,1
Arizona,4.0,Navajo,4017.0,2002,2002.0,Jul,7,90.5349,86.9093,0
Arizona,4.0,Navajo,4017.0,2002,2002.0,Aug,8,87.0765,84.6626,1
Arizona,4.0,Navajo,4017.0,2002,2002.0,Sep,9,78.0039,81.6523,2
Arizona,4.0,Navajo,4017.0,2003,2003.0,May,5,75.7529,82.4786,0
Arizona,4.0,Navajo,4017.0,2003,2003.0,Jun,6,83.8482,82.9339,1
Arizona,4.0,Navajo,4017.0,2003,2003.0,Jul,7,92.6342,88.6136,1
Arizona,4.0,Navajo,4017.0,2003,2003.0,Aug,8,87.0756,84.8466,0
Arizona,4.0,Navajo,4017.0,2003,2003.0,Sep,9,80.9829,81.7063,1
Arizona,4.0,Navajo,4017.0,2003,2003.0,Oct,10,73.3387,80.1939,0
Arizona,4.0,Navajo,4017.0,2004,2004.0,Mar,3,62.8223,78.5286,1
Arizona,4.0,Navajo,4017.0,2004,2004.0,Apr,4,62.4337,78.3,0
Arizona,4.0,Navajo,4017.0,2004,2004.0,May,5,75.0283,79.8277,0
Arizona,4.0,Navajo,4017.0,2004,2004.0,Jun,6,83.8135,82.536,3
Arizona,4.0,Navajo,4017.0,2004,2004.0,Jul,7,87.4186,84.4964,2
Arizona,4.0,Navajo,4017.0,2004,2004.0,Aug,8,83.4504,83.0732,3
Arizona,4.0,Navajo,4017.0,2004,2004.0,Sep,9,76.6138,81.8681,1
Arizona,4.0,Navajo,4017.0,2004,2004.0,Oct,10,63.698,78.4,2
Arizona,4.0,Navajo,4017.0,2005,2005.0,May,5,74.0949,82.6354,0
Arizona,4.0,Navajo,4017.0,2005,2005.0,Jun,6,80.7056,82.8907,2
Arizona,4.0,Navajo,4017.0,2005,2005.0,Jul,7,90.8175,87.0926,0
Arizona,4.0,Navajo,4017.0,2005,2005.0,Aug,8,83.6268,82.7266,0
Arizona,4.0,Navajo,4017.0,2005,2005.0,Sep,9,79.1692,81.4308,1
Arizona,4.0,Navajo,4017.0,2005,2005.0,Oct,10,67.33,79.5738,0
Arizona,4.0,Navajo,4017.0,2006,2006.0,Apr,4,65.8465,78.4882,4
Arizona,4.0,Navajo,4017.0,2006,2006.0,May,5,77.3475,81.2612,2
Arizona,4.0,Navajo,4017.0,2006,2006.0,Jun,6,87.451,84.6172,1
Arizona,4.0,Navajo,4017.0,2006,2006.0,Jul,7,89.1241,86.8098,2
Arizona,4.0,Navajo,4017.0,2006,2006.0,Aug,8,82.9978,82.498,1
Arizona,4.0,Navajo,4017.0,2006,2006.0,Sep,9,75.1172,80.7679,0
Arizona,4.0,Navajo,4017.0,2006,2006.0,Oct,10,63.9489,80.1852,1
Arizona,4.0,Navajo,4017.0,2007,2007.0,Mar,3,58.4669,78.5789,0
Arizona,4.0,Navajo,4017.0,2007,2007.0,Apr,4,65.1604,79.7784,1
Arizona,4.0,Navajo,4017.0,2007,2007.0,May,5,74.2629,80.3465,0
Arizona,4.0,Navajo,4017.0,2007,2007.0,Jun,6,85.1062,84.3551,1
Arizona,4.0,Navajo,4017.0,2007,2007.0,Jul,7,89.6448,86.8005,2
Arizona,4.0,Navajo,4017.0,2007,2007.0,Aug,8,86.4766,84.8737,1
Arizona,4.0,Navajo,4017.0,2007,2007.0,Sep,9,79.0225,82.1682,0
Arizona,4.0,Navajo,4017.0,2007,2007.0,Oct,10,67.6827,79.4918,2
Arizona,4.0,Navajo,4017.0,2008,2008.0,May,5,68.4845,82.3626,0
Arizona,4.0,Navajo,4017.0,2008,2008.0,Jun,6,83.6167,83.6788,1
Arizona,4.0,Navajo,4017.0,2008,2008.0,Jul,7,86.7485,84.9403,0
Arizona,4.0,Navajo,4017.0,2008,2008.0,Aug,8,85.7812,84.3111,0
Arizona,4.0,Navajo,4017.0,2008,2008.0,Sep,9,78.7688,80.6312,1
Arizona,4.0,Navajo,4017.0,2008,2008.0,Oct,10,67.5379,79.2611,0
Arizona,4.0,Navajo,4017.0,2009,2009.0,Apr,4,61.8978,78.622,1
Arizona,4.0,Navajo,4017.0,2009,2009.0,May,5,77.3261,80.7683,3
Arizona,4.0,Navajo,4017.0,2009,2009.0,Jun,6,79.3903,82.5722,9
Arizona,4.0,Navajo,4017.0,2009,2009.0,Jul,7,90.3504,86.6769,1
Arizona,4.0,Navajo,4017.0,2009,2009.0,Aug,8,87.1225,84.327,5
Arizona,4.0,Navajo,4017.0,2009,2009.0,Sep,9,79.5157,81.6658,4
Arizona,4.0,Navajo,4017.0,2009,2009.0,Oct,10,63.385,79.5966,2
Arizona,4.0,Navajo,4017.0,2010,2010.0,May,5,69.0089,79.8611,3
Arizona,4.0,Navajo,4017.0,2010,2010.0,Jun,6,83.6225,83.5407,5
Arizona,4.0,Navajo,4017.0,2010,2010.0,Jul,7,88.2276,85.7443,3
Arizona,4.0,Navajo,4017.0,2010,2010.0,Aug,8,84.6917,83.8923,1
Arizona,4.0,Navajo,4017.0,2010,2010.0,Sep,9,81.9707,82.1501,5
Arizona,4.0,Navajo,4017.0,2010,2010.0,Oct,10,67.4993,81.2879,5
Arizona,4.0,Navajo,4017.0,2011,2011.0,Apr,4,63.3218,78.4,1
Arizona,4.0,Navajo,4017.0,2011,2011.0,May,5,68.4064,79.6836,5
Arizona,4.0,Navajo,4017.0,2011,2011.0,Jun,6,83.7594,83.3001,3
Arizona,4.0,Navajo,4017.0,2011,2011.0,Jul,7,88.0748,85.1169,8
Arizona,4.0,Navajo,4017.0,2011,2011.0,Aug,8,88.8276,85.7577,6
Arizona,4.0,Navajo,4017.0,2011,2011.0,Sep,9,79.6827,81.5311,3
Arizona,4.0,Navajo,4017.0,2011,2011.0,Oct,10,67.0447,79.2694,3
Arizona,4.0,Pima,4019.0,2000,2000.0,Jan,1,65.8002,79.0707,37
Arizona,4.0,Pima,4019.0,2000,2000.0,Feb,2,67.593,78.4312,29
Arizona,4.0,Pima,4019.0,2000,2000.0,Mar,3,68.7241,79.168,30
Arizona,4.0,Pima,4019.0,2000,2000.0,Apr,4,81.2126,82.9453,37
Arizona,4.0,Pima,4019.0,2000,2000.0,May,5,90.1817,87.2312,39
Arizona,4.0,Pima,4019.0,2000,2000.0,Jun,6,94.6011,91.4342,43
Arizona,4.0,Pima,4019.0,2000,2000.0,Jul,7,98.1024,94.9139,26
Arizona,4.0,Pima,4019.0,2000,2000.0,Aug,8,94.4608,93.3033,24
Arizona,4.0,Pima,4019.0,2000,2000.0,Sep,9,93.1525,90.8486,14
Arizona,4.0,Pima,4019.0,2000,2000.0,Oct,10,75.9233,84.989,30
Arizona,4.0,Pima,4019.0,2001,2001.0,Mar,3,69.9849,80.0092,10
Arizona,4.0,Pima,4019.0,2001,2001.0,Apr,4,75.9248,83.3853,27
Arizona,4.0,Pima,4019.0,2001,2001.0,May,5,90.1023,87.7375,23
Arizona,4.0,Pima,4019.0,2001,2001.0,Jun,6,95.5946,91.4664,30
Arizona,4.0,Pima,4019.0,2001,2001.0,Jul,7,94.9032,92.8383,43
Arizona,4.0,Pima,4019.0,2001,2001.0,Aug,8,94.7683,93.8644,38
Arizona,4.0,Pima,4019.0,2001,2001.0,Sep,9,92.6387,90.5022,35
Arizona,4.0,Pima,4019.0,2001,2001.0,Oct,10,83.1856,82.6343,32
Arizona,4.0,Pima,4019.0,2001,2001.0,Nov,11,72.1173,80.8319,56
Arizona,4.0,Pima,4019.0,2002,2002.0,Feb,2,67.5086,78.9316,33
Arizona,4.0,Pima,4019.0,2002,2002.0,Mar,3,69.7524,80.4209,37
Arizona,4.0,Pima,4019.0,2002,2002.0,Apr,4,81.0283,82.4603,38
Arizona,4.0,Pima,4019.0,2002,2002.0,May,5,86.1836,84.72,46
Arizona,4.0,Pima,4019.0,2002,2002.0,Jun,6,97.6242,92.7479,39
Arizona,4.0,Pima,4019.0,2002,2002.0,Jul,7,96.3023,93.5827,55
Arizona,4.0,Pima,4019.0,2002,2002.0,Aug,8,96.5408,94.194,83
Arizona,4.0,Pima,4019.0,2002,2002.0,Sep,9,92.1879,90.237,41
Arizona,4.0,Pima,4019.0,2002,2002.0,Oct,10,79.0392,83.0558,35
Arizona,4.0,Pima,4019.0,2002,2002.0,Nov,11,72.4327,79.0987,46
Arizona,4.0,Pima,4019.0,2003,2003.0,Jan,1,68.928,78.6414,56
Arizona,4.0,Pima,4019.0,2003,2003.0,Feb,2,62.6019,78.8429,35
Arizona,4.0,Pima,4019.0,2003,2003.0,Mar,3,69.3259,79.846,23
Arizona,4.0,Pima,4019.0,2003,2003.0,Apr,4,74.337,80.22,27
Arizona,4.0,Pima,4019.0,2003,2003.0,May,5,88.2957,88.1254,34
Arizona,4.0,Pima,4019.0,2003,2003.0,Jun,6,94.8269,90.2789,26
Arizona,4.0,Pima,4019.0,2003,2003.0,Jul,7,99.5597,96.8631,50
Arizona,4.0,Pima,4019.0,2003,2003.0,Aug,8,95.3916,94.3674,72
Arizona,4.0,Pima,4019.0,2003,2003.0,Sep,9,91.9192,90.9626,32
Arizona,4.0,Pima,4019.0,2003,2003.0,Oct,10,85.7838,85.6378,27
Arizona,4.0,Pima,4019.0,2003,2003.0,Nov,11,67.2632,78.63,25
Arizona,4.0,Pima,4019.0,2004,2004.0,Feb,2,59.9258,78.5059,48
Arizona,4.0,Pima,4019.0,2004,2004.0,Mar,3,77.2985,81.9437,40
Arizona,4.0,Pima,4019.0,2004,2004.0,Apr,4,75.9983,81.8279,27
Arizona,4.0,Pima,4019.0,2004,2004.0,May,5,87.764,84.7155,35
Arizona,4.0,Pima,4019.0,2004,2004.0,Jun,6,94.3052,89.892,62
Arizona,4.0,Pima,4019.0,2004,2004.0,Jul,7,96.7037,94.4538,87
Arizona,4.0,Pima,4019.0,2004,2004.0,Aug,8,94.3681,92.2572,56
Arizona,4.0,Pima,4019.0,2004,2004.0,Sep,9,90.0599,88.55,62
Arizona,4.0,Pima,4019.0,2004,2004.0,Oct,10,77.5521,83.0989,62
Arizona,4.0,Pima,4019.0,2004,2004.0,Nov,11,64.2739,78.61,80
Arizona,4.0,Pima,4019.0,2005,2005.0,Mar,3,66.9493,79.6122,45
Arizona,4.0,Pima,4019.0,2005,2005.0,Apr,4,76.4023,80.6802,40
Arizona,4.0,Pima,4019.0,2005,2005.0,May,5,87.1511,86.4099,37
Arizona,4.0,Pima,4019.0,2005,2005.0,Jun,6,93.6146,89.8219,69
Arizona,4.0,Pima,4019.0,2005,2005.0,Jul,7,98.9691,96.7562,50
Arizona,4.0,Pima,4019.0,2005,2005.0,Aug,8,92.9271,93.0234,117
Arizona,4.0,Pima,4019.0,2005,2005.0,Sep,9,92.0863,89.3595,61
Arizona,4.0,Pima,4019.0,2005,2005.0,Oct,10,80.7508,84.1702,58
Arizona,4.0,Pima,4019.0,2005,2005.0,Nov,11,72.6612,80.2998,87
Arizona,4.0,Pima,4019.0,2006,2006.0,Feb,2,68.5465,79.25,86
Arizona,4.0,Pima,4019.0,2006,2006.0,Mar,3,65.762,78.9412,87
Arizona,4.0,Pima,4019.0,2006,2006.0,Apr,4,77.0513,81.2598,76
Arizona,4.0,Pima,4019.0,2006,2006.0,May,5,88.6663,86.0583,84
Arizona,4.0,Pima,4019.0,2006,2006.0,Jun,6,98.4271,94.0351,92
Arizona,4.0,Pima,4019.0,2006,2006.0,Jul,7,97.7657,97.0217,112
Arizona,4.0,Pima,4019.0,2006,2006.0,Aug,8,93.303,92.7824,81
Arizona,4.0,Pima,4019.0,2006,2006.0,Sep,9,87.6713,86.9248,50
Arizona,4.0,Pima,4019.0,2006,2006.0,Oct,10,79.37,84.1066,40
Arizona,4.0,Pima,4019.0,2006,2006.0,Nov,11,73.9887,80.0458,61
Arizona,4.0,Pima,4019.0,2007,2007.0,Feb,2,64.3934,79.2429,53
Arizona,4.0,Pima,4019.0,2007,2007.0,Mar,3,73.4576,81.5784,49
Arizona,4.0,Pima,4019.0,2007,2007.0,Apr,4,78.0724,82.0198,55
Arizona,4.0,Pima,4019.0,2007,2007.0,May,5,87.5048,85.4977,72
Arizona,4.0,Pima,4019.0,2007,2007.0,Jun,6,96.5248,91.9605,64
Arizona,4.0,Pima,4019.0,2007,2007.0,Jul,7,96.7762,95.1114,97
Arizona,4.0,Pima,4019.0,2007,2007.0,Aug,8,94.8958,95.5772,82
Arizona,4.0,Pima,4019.0,2007,2007.0,Sep,9,90.4062,89.6382,48
Arizona,4.0,Pima,4019.0,2007,2007.0,Oct,10,81.9729,83.1921,72
Arizona,4.0,Pima,4019.0,2007,2007.0,Nov,11,76.1875,80.7543,107
Arizona,4.0,Pima,4019.0,2008,2008.0,Mar,3,71.673,79.5177,43
Arizona,4.0,Pima,4019.0,2008,2008.0,Apr,4,78.8599,82.2256,55
Arizona,4.0,Pima,4019.0,2008,2008.0,May,5,82.7039,83.9578,41
Arizona,4.0,Pima,4019.0,2008,2008.0,Jun,6,97.6211,92.8769,63
Arizona,4.0,Pima,4019.0,2008,2008.0,Jul,7,94.3963,93.7218,66
Arizona,4.0,Pima,4019.0,2008,2008.0,Aug,8,92.3363,92.5676,53
Arizona,4.0,Pima,4019.0,2008,2008.0,Sep,9,90.8746,89.0385,75
Arizona,4.0,Pima,4019.0,2008,2008.0,Oct,10,83.7113,83.5244,63
Arizona,4.0,Pima,4019.0,2008,2008.0,Nov,11,72.8891,80.8055,66
Arizona,4.0,Pima,4019.0,2009,2009.0,Feb,2,66.4983,79.8343,53
Arizona,4.0,Pima,4019.0,2009,2009.0,Mar,3,72.4195,80.6939,51
Arizona,4.0,Pima,4019.0,2009,2009.0,Apr,4,76.1607,82.3505,64
Arizona,4.0,Pima,4019.0,2009,2009.0,May,5,90.252,86.8676,65
Arizona,4.0,Pima,4019.0,2009,2009.0,Jun,6,91.5629,88.1224,165
Arizona,4.0,Pima,4019.0,2009,2009.0,Jul,7,101.5798,98.8919,162
Arizona,4.0,Pima,4019.0,2009,2009.0,Aug,8,99.4483,95.7398,122
Arizona,4.0,Pima,4019.0,2009,2009.0,Sep,9,94.9359,91.6102,149
Arizona,4.0,Pima,4019.0,2009,2009.0,Oct,10,79.3167,82.8803,126
Arizona,4.0,Pima,4019.0,2009,2009.0,Nov,11,74.7775,81.8352,155
Arizona,4.0,Pima,4019.0,2010,2010.0,Mar,3,68.0244,79.8076,101
Arizona,4.0,Pima,4019.0,2010,2010.0,Apr,4,74.7729,80.8635,68
Arizona,4.0,Pima,4019.0,2010,2010.0,May,5,83.74,84.0357,91
Arizona,4.0,Pima,4019.0,2010,2010.0,Jun,6,95.228,90.9263,127
Arizona,4.0,Pima,4019.0,2010,2010.0,Jul,7,98.0772,96.0668,113
Arizona,4.0,Pima,4019.0,2010,2010.0,Aug,8,96.44,95.6783,139
Arizona,4.0,Pima,4019.0,2010,2010.0,Sep,9,95.4538,92.5971,105
Arizona,4.0,Pima,4019.0,2010,2010.0,Oct,10,81.7134,84.1567,134
Arizona,4.0,Pima,4019.0,2010,2010.0,Nov,11,68.1114,81.0545,174
Arizona,4.0,Pima,4019.0,2010,2010.0,Dec,12,66.3806,78.5308,174
Arizona,4.0,Pima,4019.0,2011,2011.0,Mar,3,74.579,80.369,154
Arizona,4.0,Pima,4019.0,2011,2011.0,Apr,4,79.7376,81.8088,143
Arizona,4.0,Pima,4019.0,2011,2011.0,May,5,83.526,84.6206,155
Arizona,4.0,Pima,4019.0,2011,2011.0,Jun,6,96.9683,92.0364,147
Arizona,4.0,Pima,4019.0,2011,2011.0,Jul,7,97.7445,95.3615,148
Arizona,4.0,Pima,4019.0,2011,2011.0,Aug,8,99.8579,98.2396,145
Arizona,4.0,Pima,4019.0,2011,2011.0,Sep,9,94.3219,91.233,105
Arizona,4.0,Pima,4019.0,2011,2011.0,Oct,10,84.0571,84.976,111
Arizona,4.0,Pima,4019.0,2011,2011.0,Nov,11,68.426,80.3924,141
Arizona,4.0,Pinal,4021.0,2000,2000.0,Jan,1,65.9108,79.4203,8
Arizona,4.0,Pinal,4021.0,2000,2000.0,Feb,2,68.8309,78.7659,14
Arizona,4.0,Pinal,4021.0,2000,2000.0,Mar,3,70.097,78.9673,11
Arizona,4.0,Pinal,4021.0,2000,2000.0,Apr,4,83.439,84.3674,15
Arizona,4.0,Pinal,4021.0,2000,2000.0,May,5,92.9516,89.4151,8
Arizona,4.0,Pinal,4021.0,2000,2000.0,Jun,6,98.2857,94.7681,4
Arizona,4.0,Pinal,4021.0,2000,2000.0,Jul,7,102.0434,98.4977,6
Arizona,4.0,Pinal,4021.0,2000,2000.0,Aug,8,98.3299,96.9073,10
Arizona,4.0,Pinal,4021.0,2000,2000.0,Sep,9,96.5808,93.4968,2
Arizona,4.0,Pinal,4021.0,2000,2000.0,Oct,10,78.2581,86.1178,11
Arizona,4.0,Pinal,4021.0,2001,2001.0,Mar,3,71.3009,80.6227,5
Arizona,4.0,Pinal,4021.0,2001,2001.0,Apr,4,77.2755,84.4522,10
Arizona,4.0,Pinal,4021.0,2001,2001.0,May,5,92.5506,89.9132,5
Arizona,4.0,Pinal,4021.0,2001,2001.0,Jun,6,98.814,94.2702,5
Arizona,4.0,Pinal,4021.0,2001,2001.0,Jul,7,99.0441,96.957,6
Arizona,4.0,Pinal,4021.0,2001,2001.0,Aug,8,98.3914,97.43,9
Arizona,4.0,Pinal,4021.0,2001,2001.0,Sep,9,96.4875,93.4522,6
Arizona,4.0,Pinal,4021.0,2001,2001.0,Oct,10,85.4696,83.9475,4
Arizona,4.0,Pinal,4021.0,2001,2001.0,Nov,11,73.6243,81.5514,7
Arizona,4.0,Pinal,4021.0,2002,2002.0,Feb,2,68.6214,79.2688,20
Arizona,4.0,Pinal,4021.0,2002,2002.0,Mar,3,71.063,80.8189,4
Arizona,4.0,Pinal,4021.0,2002,2002.0,Apr,4,83.4862,83.7785,9
Arizona,4.0,Pinal,4021.0,2002,2002.0,May,5,88.9361,86.7751,8
Arizona,4.0,Pinal,4021.0,2002,2002.0,Jun,6,101.0302,95.5282,2
Arizona,4.0,Pinal,4021.0,2002,2002.0,Jul,7,100.526,97.6913,9
Arizona,4.0,Pinal,4021.0,2002,2002.0,Aug,8,100.1259,97.2722,8
Arizona,4.0,Pinal,4021.0,2002,2002.0,Sep,9,94.923,92.2682,6
Arizona,4.0,Pinal,4021.0,2002,2002.0,Oct,10,81.2372,83.788,9
Arizona,4.0,Pinal,4021.0,2002,2002.0,Nov,11,73.1826,79.0289,15
Arizona,4.0,Pinal,4021.0,2003,2003.0,Jan,1,69.1002,79.0632,12
Arizona,4.0,Pinal,4021.0,2003,2003.0,Feb,2,63.4563,79.498,3
Arizona,4.0,Pinal,4021.0,2003,2003.0,Mar,3,70.2001,79.9179,11
Arizona,4.0,Pinal,4021.0,2003,2003.0,Apr,4,76.1391,81.3133,2
Arizona,4.0,Pinal,4021.0,2003,2003.0,May,5,90.3567,89.6699,1
Arizona,4.0,Pinal,4021.0,2003,2003.0,Jun,6,98.1046,93.0384,4
Arizona,4.0,Pinal,4021.0,2003,2003.0,Jul,7,103.6568,100.8214,5
Arizona,4.0,Pinal,4021.0,2003,2003.0,Aug,8,99.2136,98.1603,14
Arizona,4.0,Pinal,4021.0,2003,2003.0,Sep,9,95.1955,93.4224,14
Arizona,4.0,Pinal,4021.0,2003,2003.0,Oct,10,88.7965,87.3972,13
Arizona,4.0,Pinal,4021.0,2003,2003.0,Nov,11,68.5403,79.0776,8
Arizona,4.0,Pinal,4021.0,2004,2004.0,Feb,2,60.8082,79.1556,11
Arizona,4.0,Pinal,4021.0,2004,2004.0,Mar,3,78.7468,82.7049,4
Arizona,4.0,Pinal,4021.0,2004,2004.0,Apr,4,78.0127,82.1697,7
Arizona,4.0,Pinal,4021.0,2004,2004.0,May,5,90.3769,86.6959,15
Arizona,4.0,Pinal,4021.0,2004,2004.0,Jun,6,97.5492,92.6309,23
Arizona,4.0,Pinal,4021.0,2004,2004.0,Jul,7,100.5113,97.8016,13
Arizona,4.0,Pinal,4021.0,2004,2004.0,Aug,8,97.6549,95.0406,15
Arizona,4.0,Pinal,4021.0,2004,2004.0,Sep,9,93.0917,90.6326,8
Arizona,4.0,Pinal,4021.0,2004,2004.0,Oct,10,79.8723,84.1675,16
Arizona,4.0,Pinal,4021.0,2004,2004.0,Nov,11,65.2469,78.7261,16
Arizona,4.0,Pinal,4021.0,2005,2005.0,Mar,3,67.6823,80.036,9
Arizona,4.0,Pinal,4021.0,2005,2005.0,Apr,4,77.9847,81.6504,7
Arizona,4.0,Pinal,4021.0,2005,2005.0,May,5,89.319,87.8168,4
Arizona,4.0,Pinal,4021.0,2005,2005.0,Jun,6,96.2729,91.9526,8
Arizona,4.0,Pinal,4021.0,2005,2005.0,Jul,7,102.5932,99.7617,8
Arizona,4.0,Pinal,4021.0,2005,2005.0,Aug,8,96.419,96.1493,17
Arizona,4.0,Pinal,4021.0,2005,2005.0,Sep,9,94.8913,91.8475,13
Arizona,4.0,Pinal,4021.0,2005,2005.0,Oct,10,83.2819,84.2815,10
Arizona,4.0,Pinal,4021.0,2005,2005.0,Nov,11,73.9997,80.7599,19
Arizona,4.0,Pinal,4021.0,2006,2006.0,Feb,2,70.0481,78.7738,27
Arizona,4.0,Pinal,4021.0,2006,2006.0,Mar,3,67.2999,78.9185,26
Arizona,4.0,Pinal,4021.0,2006,2006.0,Apr,4,79.5645,82.2308,23
Arizona,4.0,Pinal,4021.0,2006,2006.0,May,5,91.8239,88.3745,13
Arizona,4.0,Pinal,4021.0,2006,2006.0,Jun,6,101.8274,97.0258,14
Arizona,4.0,Pinal,4021.0,2006,2006.0,Jul,7,101.7388,100.8065,20
Arizona,4.0,Pinal,4021.0,2006,2006.0,Aug,8,96.5074,96.0938,18
Arizona,4.0,Pinal,4021.0,2006,2006.0,Sep,9,90.6292,88.9274,11
Arizona,4.0,Pinal,4021.0,2006,2006.0,Oct,10,81.3299,85.0465,12
Arizona,4.0,Pinal,4021.0,2006,2006.0,Nov,11,74.7106,80.2743,15
Arizona,4.0,Pinal,4021.0,2007,2007.0,Feb,2,65.1907,78.45,27
Arizona,4.0,Pinal,4021.0,2007,2007.0,Mar,3,75.0175,82.1877,24
Arizona,4.0,Pinal,4021.0,2007,2007.0,Apr,4,80.1554,83.0027,26
Arizona,4.0,Pinal,4021.0,2007,2007.0,May,5,90.5172,87.8405,14
Arizona,4.0,Pinal,4021.0,2007,2007.0,Jun,6,99.4976,94.4539,25
Arizona,4.0,Pinal,4021.0,2007,2007.0,Jul,7,101.1206,99.2575,10
Arizona,4.0,Pinal,4021.0,2007,2007.0,Aug,8,98.9071,99.2797,18
Arizona,4.0,Pinal,4021.0,2007,2007.0,Sep,9,94.2305,92.3385,13
Arizona,4.0,Pinal,4021.0,2007,2007.0,Oct,10,84.224,84.5251,19
Arizona,4.0,Pinal,4021.0,2007,2007.0,Nov,11,77.8116,81.5982,28
Arizona,4.0,Pinal,4021.0,2008,2008.0,Mar,3,72.3037,79.7417,17
Arizona,4.0,Pinal,4021.0,2008,2008.0,Apr,4,80.0494,82.391,23
Arizona,4.0,Pinal,4021.0,2008,2008.0,May,5,84.4643,84.9802,22
Arizona,4.0,Pinal,4021.0,2008,2008.0,Jun,6,99.8496,94.8255,11
Arizona,4.0,Pinal,4021.0,2008,2008.0,Jul,7,98.6298,97.7221,27
Arizona,4.0,Pinal,4021.0,2008,2008.0,Aug,8,96.6722,96.3798,18
Arizona,4.0,Pinal,4021.0,2008,2008.0,Sep,9,94.0809,91.4035,24
Arizona,4.0,Pinal,4021.0,2008,2008.0,Oct,10,85.4153,84.7289,13
Arizona,4.0,Pinal,4021.0,2008,2008.0,Nov,11,73.3545,81.4464,19
Arizona,4.0,Pinal,4021.0,2009,2009.0,Jan,1,64.3489,79.16,26
Arizona,4.0,Pinal,4021.0,2009,2009.0,Feb,2,67.125,79.8502,22
Arizona,4.0,Pinal,4021.0,2009,2009.0,Mar,3,73.7678,81.2024,24
Arizona,4.0,Pinal,4021.0,2009,2009.0,Apr,4,77.953,83.4616,19
Arizona,4.0,Pinal,4021.0,2009,2009.0,May,5,92.7154,89.104,31
Arizona,4.0,Pinal,4021.0,2009,2009.0,Jun,6,94.7039,90.6926,58
Arizona,4.0,Pinal,4021.0,2009,2009.0,Jul,7,105.1802,102.4864,57
Arizona,4.0,Pinal,4021.0,2009,2009.0,Aug,8,102.6789,98.5313,47
Arizona,4.0,Pinal,4021.0,2009,2009.0,Sep,9,97.6618,94.0057,51
Arizona,4.0,Pinal,4021.0,2009,2009.0,Oct,10,81.529,83.6929,42
Arizona,4.0,Pinal,4021.0,2009,2009.0,Nov,11,76.4028,83.1815,63
Arizona,4.0,Pinal,4021.0,2010,2010.0,Mar,3,68.4316,79.833,39
Arizona,4.0,Pinal,4021.0,2010,2010.0,Apr,4,76.4818,81.8934,35
Arizona,4.0,Pinal,4021.0,2010,2010.0,May,5,85.5882,85.274,37
Arizona,4.0,Pinal,4021.0,2010,2010.0,Jun,6,97.96,93.1484,37
Arizona,4.0,Pinal,4021.0,2010,2010.0,Jul,7,101.6436,99.9713,49
Arizona,4.0,Pinal,4021.0,2010,2010.0,Aug,8,99.1452,98.4849,40
Arizona,4.0,Pinal,4021.0,2010,2010.0,Sep,9,98.1705,94.8706,45
Arizona,4.0,Pinal,4021.0,2010,2010.0,Oct,10,83.7701,85.056,61
Arizona,4.0,Pinal,4021.0,2010,2010.0,Nov,11,68.877,81.504,54
Arizona,4.0,Pinal,4021.0,2011,2011.0,Mar,3,75.1446,80.657,68
Arizona,4.0,Pinal,4021.0,2011,2011.0,Apr,4,80.8635,82.4275,83
Arizona,4.0,Pinal,4021.0,2011,2011.0,May,5,85.3706,85.6852,70
Arizona,4.0,Pinal,4021.0,2011,2011.0,Jun,6,99.3881,94.0451,74
Arizona,4.0,Pinal,4021.0,2011,2011.0,Jul,7,101.5054,99.2828,66
Arizona,4.0,Pinal,4021.0,2011,2011.0,Aug,8,103.5648,102.0546,76
Arizona,4.0,Pinal,4021.0,2011,2011.0,Sep,9,97.018,93.5165,46
Arizona,4.0,Pinal,4021.0,2011,2011.0,Oct,10,85.738,85.76,64
Arizona,4.0,Pinal,4021.0,2011,2011.0,Nov,11,69.0685,80.7631,59
Arizona,4.0,Santa Cruz,4023.0,2000,2000.0,Apr,4,75.4425,80.7036,1
Arizona,4.0,Santa Cruz,4023.0,2000,2000.0,May,5,84.5575,83.3251,0
Arizona,4.0,Santa Cruz,4023.0,2000,2000.0,Jun,6,87.3753,85.0136,0
Arizona,4.0,Santa Cruz,4023.0,2000,2000.0,Jul,7,90.4945,87.4658,0
Arizona,4.0,Santa Cruz,4023.0,2000,2000.0,Aug,8,86.8725,86.0307,0
Arizona,4.0,Santa Cruz,4023.0,2000,2000.0,Sep,9,86.5114,84.8434,0
Arizona,4.0,Santa Cruz,4023.0,2000,2000.0,Oct,10,68.8425,82.1375,1
Arizona,4.0,Santa Cruz,4023.0,2001,2001.0,Mar,3,64.1852,78.6667,0
Arizona,4.0,Santa Cruz,4023.0,2001,2001.0,Apr,4,70.6455,80.1372,1
Arizona,4.0,Santa Cruz,4023.0,2001,2001.0,May,5,83.4218,83.2757,0
Arizona,4.0,Santa Cruz,4023.0,2001,2001.0,Jun,6,89.1077,85.8434,0
Arizona,4.0,Santa Cruz,4023.0,2001,2001.0,Jul,7,87.274,85.5737,0
Arizona,4.0,Santa Cruz,4023.0,2001,2001.0,Aug,8,87.4066,86.0443,0
Arizona,4.0,Santa Cruz,4023.0,2001,2001.0,Sep,9,84.8727,83.6927,0
Arizona,4.0,Santa Cruz,4023.0,2001,2001.0,Oct,10,76.8503,80.0778,0
Arizona,4.0,Santa Cruz,4023.0,2001,2001.0,Nov,11,66.3118,79.6429,1
Arizona,4.0,Santa Cruz,4023.0,2002,2002.0,Mar,3,64.8803,78.9167,0
Arizona,4.0,Santa Cruz,4023.0,2002,2002.0,Apr,4,75.6227,79.8007,0
Arizona,4.0,Santa Cruz,4023.0,2002,2002.0,May,5,80.5831,82.0468,0
Arizona,4.0,Santa Cruz,4023.0,2002,2002.0,Jun,6,91.7349,87.7006,1
Arizona,4.0,Santa Cruz,4023.0,2002,2002.0,Jul,7,89.1617,86.7809,0
Arizona,4.0,Santa Cruz,4023.0,2002,2002.0,Aug,8,89.0922,86.964,0
Arizona,4.0,Santa Cruz,4023.0,2002,2002.0,Sep,9,84.8996,84.3057,2
Arizona,4.0,Santa Cruz,4023.0,2002,2002.0,Oct,10,72.6049,79.8381,0
Arizona,4.0,Santa Cruz,4023.0,2002,2002.0,Nov,11,67.4012,78.3,0
Arizona,4.0,Santa Cruz,4023.0,2003,2003.0,Mar,3,63.3368,78.5,0
Arizona,4.0,Santa Cruz,4023.0,2003,2003.0,Apr,4,69.1106,78.65,0
Arizona,4.0,Santa Cruz,4023.0,2003,2003.0,May,5,82.6837,83.8619,0
Arizona,4.0,Santa Cruz,4023.0,2003,2003.0,Jun,6,88.649,85.2204,0
Arizona,4.0,Santa Cruz,4023.0,2003,2003.0,Jul,7,92.5047,89.6779,0
Arizona,4.0,Santa Cruz,4023.0,2003,2003.0,Aug,8,87.8628,86.7315,1
Arizona,4.0,Santa Cruz,4023.0,2003,2003.0,Sep,9,85.1435,84.5667,0
Arizona,4.0,Santa Cruz,4023.0,2003,2003.0,Oct,10,78.8408,81.6341,2
Arizona,4.0,Santa Cruz,4023.0,2004,2004.0,Mar,3,70.9226,80.0232,0
Arizona,4.0,Santa Cruz,4023.0,2004,2004.0,Apr,4,69.2153,79.728,1
Arizona,4.0,Santa Cruz,4023.0,2004,2004.0,May,5,81.1704,81.0608,0
Arizona,4.0,Santa Cruz,4023.0,2004,2004.0,Jun,6,87.6404,84.5086,0
Arizona,4.0,Santa Cruz,4023.0,2004,2004.0,Jul,7,89.2237,86.7527,0
Arizona,4.0,Santa Cruz,4023.0,2004,2004.0,Aug,8,86.3573,85.1549,1
Arizona,4.0,Santa Cruz,4023.0,2004,2004.0,Sep,9,83.1551,83.8212,1
Arizona,4.0,Santa Cruz,4023.0,2004,2004.0,Oct,10,71.6913,80.2616,0
Arizona,4.0,Santa Cruz,4023.0,2005,2005.0,Apr,4,70.7653,79.2913,0
Arizona,4.0,Santa Cruz,4023.0,2005,2005.0,May,5,81.0503,84.2934,0
Arizona,4.0,Santa Cruz,4023.0,2005,2005.0,Jun,6,87.3777,86.0709,0
Arizona,4.0,Santa Cruz,4023.0,2005,2005.0,Jul,7,91.6013,89.7348,0
Arizona,4.0,Santa Cruz,4023.0,2005,2005.0,Aug,8,85.0742,85.51,0
Arizona,4.0,Santa Cruz,4023.0,2005,2005.0,Sep,9,85.4239,83.8255,1
Arizona,4.0,Santa Cruz,4023.0,2005,2005.0,Oct,10,74.9839,82.3613,0
Arizona,4.0,Santa Cruz,4023.0,2005,2005.0,Nov,11,68.3259,79.2429,1
Arizona,4.0,Santa Cruz,4023.0,2006,2006.0,Apr,4,72.6386,79.8078,0
Arizona,4.0,Santa Cruz,4023.0,2006,2006.0,May,5,82.7209,82.4265,1
Arizona,4.0,Santa Cruz,4023.0,2006,2006.0,Jun,6,91.3145,87.3376,3
Arizona,4.0,Santa Cruz,4023.0,2006,2006.0,Jul,7,89.8621,89.3103,0
Arizona,4.0,Santa Cruz,4023.0,2006,2006.0,Aug,8,84.862,84.8772,1
Arizona,4.0,Santa Cruz,4023.0,2006,2006.0,Sep,9,80.2045,82.3792,1
Arizona,4.0,Santa Cruz,4023.0,2006,2006.0,Oct,10,73.2232,82.7169,0
Arizona,4.0,Santa Cruz,4023.0,2006,2006.0,Nov,11,68.8937,79.0429,0
Arizona,4.0,Santa Cruz,4023.0,2007,2007.0,Mar,3,67.8518,80.7791,0
Arizona,4.0,Santa Cruz,4023.0,2007,2007.0,Apr,4,71.9086,79.797,1
Arizona,4.0,Santa Cruz,4023.0,2007,2007.0,May,5,81.1214,81.8254,2
Arizona,4.0,Santa Cruz,4023.0,2007,2007.0,Jun,6,89.9839,87.1219,0
Arizona,4.0,Santa Cruz,4023.0,2007,2007.0,Jul,7,88.8179,88.1232,2
Arizona,4.0,Santa Cruz,4023.0,2007,2007.0,Aug,8,86.4343,87.2512,0
Arizona,4.0,Santa Cruz,4023.0,2007,2007.0,Sep,9,83.2863,84.2812,0
Arizona,4.0,Santa Cruz,4023.0,2007,2007.0,Oct,10,76.2803,80.634,1
Arizona,4.0,Santa Cruz,4023.0,2007,2007.0,Nov,11,70.5876,79.3229,0
Arizona,4.0,Santa Cruz,4023.0,2008,2008.0,Apr,4,73.329,80.0434,1
Arizona,4.0,Santa Cruz,4023.0,2008,2008.0,May,5,77.0679,82.1119,1
Arizona,4.0,Santa Cruz,4023.0,2008,2008.0,Jun,6,91.0147,87.3749,1
Arizona,4.0,Santa Cruz,4023.0,2008,2008.0,Jul,7,85.026,86.0702,0
Arizona,4.0,Santa Cruz,4023.0,2008,2008.0,Aug,8,83.6567,85.0942,0
Arizona,4.0,Santa Cruz,4023.0,2008,2008.0,Sep,9,82.5753,82.5285,0
Arizona,4.0,Santa Cruz,4023.0,2008,2008.0,Oct,10,77.2632,80.2238,0
Arizona,4.0,Santa Cruz,4023.0,2008,2008.0,Nov,11,67.3861,79.8733,0
Arizona,4.0,Santa Cruz,4023.0,2009,2009.0,Feb,2,62.7536,79.6167,0
Arizona,4.0,Santa Cruz,4023.0,2009,2009.0,Mar,3,67.1736,79.315,0
Arizona,4.0,Santa Cruz,4023.0,2009,2009.0,Apr,4,70.2984,80.239,0
Arizona,4.0,Santa Cruz,4023.0,2009,2009.0,May,5,83.4846,82.2222,1
Arizona,4.0,Santa Cruz,4023.0,2009,2009.0,Jun,6,85.6547,83.6898,0
Arizona,4.0,Santa Cruz,4023.0,2009,2009.0,Jul,7,94.5533,91.259,2
Arizona,4.0,Santa Cruz,4023.0,2009,2009.0,Aug,8,93.0194,89.1681,2
Arizona,4.0,Santa Cruz,4023.0,2009,2009.0,Sep,9,87.9476,84.8846,1
Arizona,4.0,Santa Cruz,4023.0,2009,2009.0,Oct,10,73.5469,81.6195,1
Arizona,4.0,Santa Cruz,4023.0,2009,2009.0,Nov,11,69.4335,79.9298,5
Arizona,4.0,Santa Cruz,4023.0,2010,2010.0,Mar,3,62.8951,78.4,3
Arizona,4.0,Santa Cruz,4023.0,2010,2010.0,Apr,4,69.2626,78.8789,0
Arizona,4.0,Santa Cruz,4023.0,2010,2010.0,May,5,78.3209,81.2629,1
Arizona,4.0,Santa Cruz,4023.0,2010,2010.0,Jun,6,89.2492,86.5233,2
Arizona,4.0,Santa Cruz,4023.0,2010,2010.0,Jul,7,90.3698,88.5782,2
Arizona,4.0,Santa Cruz,4023.0,2010,2010.0,Aug,8,88.9539,88.1458,1
Arizona,4.0,Santa Cruz,4023.0,2010,2010.0,Sep,9,87.5329,85.5326,0
Arizona,4.0,Santa Cruz,4023.0,2010,2010.0,Oct,10,75.9478,81.7235,0
Arizona,4.0,Santa Cruz,4023.0,2010,2010.0,Nov,11,62.9865,78.9667,2
Arizona,4.0,Santa Cruz,4023.0,2011,2011.0,Mar,3,70.3721,79.0077,5
Arizona,4.0,Santa Cruz,4023.0,2011,2011.0,Apr,4,74.659,79.9275,0
Arizona,4.0,Santa Cruz,4023.0,2011,2011.0,May,5,77.8368,81.7695,1
Arizona,4.0,Santa Cruz,4023.0,2011,2011.0,Jun,6,91.7476,87.5284,1
Arizona,4.0,Santa Cruz,4023.0,2011,2011.0,Jul,7,90.9985,88.2599,3
Arizona,4.0,Santa Cruz,4023.0,2011,2011.0,Aug,8,92.1273,89.9574,3
Arizona,4.0,Santa Cruz,4023.0,2011,2011.0,Sep,9,87.5275,85.1342,2
Arizona,4.0,Santa Cruz,4023.0,2011,2011.0,Oct,10,78.3641,81.4727,2
Arizona,4.0,Santa Cruz,4023.0,2011,2011.0,Nov,11,63.6792,78.7,1
Arizona,4.0,Yavapai,4025.0,2000,2000.0,Jan,1,55.65,78.8,4
Arizona,4.0,Yavapai,4025.0,2000,2000.0,Apr,4,72.6592,80.8672,2
Arizona,4.0,Yavapai,4025.0,2000,2000.0,May,5,82.0618,83.9259,0
Arizona,4.0,Yavapai,4025.0,2000,2000.0,Jun,6,88.6251,86.2098,1
Arizona,4.0,Yavapai,4025.0,2000,2000.0,Jul,7,92.0808,88.502,3
Arizona,4.0,Yavapai,4025.0,2000,2000.0,Aug,8,88.8348,88.1067,1
Arizona,4.0,Yavapai,4025.0,2000,2000.0,Sep,9,84.963,84.8001,3
Arizona,4.0,Yavapai,4025.0,2000,2000.0,Oct,10,68.2318,82.3253,1
Arizona,4.0,Yavapai,4025.0,2001,2001.0,Mar,3,61.312,79.3706,1
Arizona,4.0,Yavapai,4025.0,2001,2001.0,Apr,4,65.7468,80.9381,1
Arizona,4.0,Yavapai,4025.0,2001,2001.0,May,5,82.4854,83.6101,0
Arizona,4.0,Yavapai,4025.0,2001,2001.0,Jun,6,88.5105,86.4043,2
Arizona,4.0,Yavapai,4025.0,2001,2001.0,Jul,7,89.5982,87.002,0
Arizona,4.0,Yavapai,4025.0,2001,2001.0,Aug,8,89.4994,87.6168,0
Arizona,4.0,Yavapai,4025.0,2001,2001.0,Sep,9,86.6295,84.2843,1
Arizona,4.0,Yavapai,4025.0,2001,2001.0,Oct,10,75.9285,80.6619,0
Arizona,4.0,Yavapai,4025.0,2001,2001.0,Nov,11,62.6417,80.1038,1
Arizona,4.0,Yavapai,4025.0,2002,2002.0,Feb,2,58.4572,78.4,1
Arizona,4.0,Yavapai,4025.0,2002,2002.0,Mar,3,60.2201,79.9537,0
Arizona,4.0,Yavapai,4025.0,2002,2002.0,Apr,4,71.8125,80.7791,0
Arizona,4.0,Yavapai,4025.0,2002,2002.0,May,5,77.8402,82.9791,1
Arizona,4.0,Yavapai,4025.0,2002,2002.0,Jun,6,90.2297,86.8294,0
Arizona,4.0,Yavapai,4025.0,2002,2002.0,Jul,7,92.8098,89.3929,3
Arizona,4.0,Yavapai,4025.0,2002,2002.0,Aug,8,91.0257,87.6791,0
Arizona,4.0,Yavapai,4025.0,2002,2002.0,Sep,9,83.8277,84.7826,4
Arizona,4.0,Yavapai,4025.0,2002,2002.0,Oct,10,70.097,81.1899,0
Arizona,4.0,Yavapai,4025.0,2002,2002.0,Nov,11,62.1197,78.2,0
Arizona,4.0,Yavapai,4025.0,2003,2003.0,Jan,1,60.3312,78.4,0
Arizona,4.0,Yavapai,4025.0,2003,2003.0,Mar,3,58.7728,79.24,1
Arizona,4.0,Yavapai,4025.0,2003,2003.0,Apr,4,63.4455,79.3226,3
Arizona,4.0,Yavapai,4025.0,2003,2003.0,May,5,78.8015,84.0257,2
Arizona,4.0,Yavapai,4025.0,2003,2003.0,Jun,6,87.0784,85.2517,1
Arizona,4.0,Yavapai,4025.0,2003,2003.0,Jul,7,94.9164,91.4521,1
Arizona,4.0,Yavapai,4025.0,2003,2003.0,Aug,8,89.2725,87.859,2
Arizona,4.0,Yavapai,4025.0,2003,2003.0,Sep,9,85.6562,84.6302,2
Arizona,4.0,Yavapai,4025.0,2003,2003.0,Oct,10,79.1083,82.2975,3
Arizona,4.0,Yavapai,4025.0,2004,2004.0,Mar,3,69.1442,80.4645,0
Arizona,4.0,Yavapai,4025.0,2004,2004.0,Apr,4,66.8177,81.0491,2
Arizona,4.0,Yavapai,4025.0,2004,2004.0,May,5,79.0553,81.5856,1
Arizona,4.0,Yavapai,4025.0,2004,2004.0,Jun,6,86.8042,84.5196,3
Arizona,4.0,Yavapai,4025.0,2004,2004.0,Jul,7,91.1095,87.8441,3
Arizona,4.0,Yavapai,4025.0,2004,2004.0,Aug,8,87.8176,86.0833,3
Arizona,4.0,Yavapai,4025.0,2004,2004.0,Sep,9,82.2156,84.1617,1
Arizona,4.0,Yavapai,4025.0,2004,2004.0,Oct,10,67.7684,81.0493,2
Arizona,4.0,Yavapai,4025.0,2005,2005.0,Mar,3,56.7553,79.0667,1
Arizona,4.0,Yavapai,4025.0,2005,2005.0,Apr,4,65.4459,79.645,3
Arizona,4.0,Yavapai,4025.0,2005,2005.0,May,5,77.3972,83.7431,2
Arizona,4.0,Yavapai,4025.0,2005,2005.0,Jun,6,83.8802,84.6538,1
Arizona,4.0,Yavapai,4025.0,2005,2005.0,Jul,7,92.9918,89.8863,3
Arizona,4.0,Yavapai,4025.0,2005,2005.0,Aug,8,86.7014,86.2581,3
Arizona,4.0,Yavapai,4025.0,2005,2005.0,Sep,9,83.0279,83.5446,0
Arizona,4.0,Yavapai,4025.0,2005,2005.0,Oct,10,72.0758,81.5388,6
Arizona,4.0,Yavapai,4025.0,2005,2005.0,Nov,11,63.0474,79.3417,2
Arizona,4.0,Yavapai,4025.0,2006,2006.0,Apr,4,68.5516,80.4137,5
Arizona,4.0,Yavapai,4025.0,2006,2006.0,May,5,81.5692,83.0841,6
Arizona,4.0,Yavapai,4025.0,2006,2006.0,Jun,6,91.7877,87.9557,2
Arizona,4.0,Yavapai,4025.0,2006,2006.0,Jul,7,92.8044,90.6303,2
Arizona,4.0,Yavapai,4025.0,2006,2006.0,Aug,8,87.4116,86.1681,3
Arizona,4.0,Yavapai,4025.0,2006,2006.0,Sep,9,81.0959,83.5285,1
Arizona,4.0,Yavapai,4025.0,2006,2006.0,Oct,10,70.3749,81.8608,0
Arizona,4.0,Yavapai,4025.0,2006,2006.0,Nov,11,64.4262,79.6816,1
Arizona,4.0,Yavapai,4025.0,2007,2007.0,Mar,3,65.1906,80.6361,2
Arizona,4.0,Yavapai,4025.0,2007,2007.0,Apr,4,69.9534,81.3317,3
Arizona,4.0,Yavapai,4025.0,2007,2007.0,May,5,79.8476,82.1724,0
Arizona,4.0,Yavapai,4025.0,2007,2007.0,Jun,6,89.3447,87.0572,1
Arizona,4.0,Yavapai,4025.0,2007,2007.0,Jul,7,92.7336,90.382,5
Arizona,4.0,Yavapai,4025.0,2007,2007.0,Aug,8,90.1963,88.7584,2
Arizona,4.0,Yavapai,4025.0,2007,2007.0,Sep,9,82.9549,85.785,3
Arizona,4.0,Yavapai,4025.0,2007,2007.0,Oct,10,72.8307,80.9532,4
Arizona,4.0,Yavapai,4025.0,2007,2007.0,Nov,11,67.3404,79.8553,2
Arizona,4.0,Yavapai,4025.0,2008,2008.0,Mar,3,60.751,78.94,2
Arizona,4.0,Yavapai,4025.0,2008,2008.0,Apr,4,68.1057,80.5425,1
Arizona,4.0,Yavapai,4025.0,2008,2008.0,May,5,72.5071,83.6359,1
Arizona,4.0,Yavapai,4025.0,2008,2008.0,Jun,6,88.5925,86.8565,3
Arizona,4.0,Yavapai,4025.0,2008,2008.0,Jul,7,90.2439,88.7429,2
Arizona,4.0,Yavapai,4025.0,2008,2008.0,Aug,8,88.6,87.2373,3
Arizona,4.0,Yavapai,4025.0,2008,2008.0,Sep,9,84.2305,83.6182,1
Arizona,4.0,Yavapai,4025.0,2008,2008.0,Oct,10,74.6586,81.0524,3
Arizona,4.0,Yavapai,4025.0,2008,2008.0,Nov,11,64.113,80.8656,1
Arizona,4.0,Yavapai,4025.0,2009,2009.0,Feb,2,55.1377,79.2,4
Arizona,4.0,Yavapai,4025.0,2009,2009.0,Mar,3,62.5523,79.1182,3
Arizona,4.0,Yavapai,4025.0,2009,2009.0,Apr,4,66.5697,80.9374,4
Arizona,4.0,Yavapai,4025.0,2009,2009.0,May,5,82.627,82.6669,2
Arizona,4.0,Yavapai,4025.0,2009,2009.0,Jun,6,83.211,85.0587,3
Arizona,4.0,Yavapai,4025.0,2009,2009.0,Jul,7,94.9727,91.4095,5
Arizona,4.0,Yavapai,4025.0,2009,2009.0,Aug,8,92.1325,88.4802,5
Arizona,4.0,Yavapai,4025.0,2009,2009.0,Sep,9,87.056,85.216,6
Arizona,4.0,Yavapai,4025.0,2009,2009.0,Oct,10,70.679,81.5881,7
Arizona,4.0,Yavapai,4025.0,2009,2009.0,Nov,11,66.0682,80.4417,6
Arizona,4.0,Yavapai,4025.0,2010,2010.0,Mar,3,57.9681,79.35,3
Arizona,4.0,Yavapai,4025.0,2010,2010.0,Apr,4,64.5289,80.1027,5
Arizona,4.0,Yavapai,4025.0,2010,2010.0,May,5,72.8405,80.8474,2
Arizona,4.0,Yavapai,4025.0,2010,2010.0,Jun,6,86.6964,85.388,4
Arizona,4.0,Yavapai,4025.0,2010,2010.0,Jul,7,92.5345,90.0545,1
Arizona,4.0,Yavapai,4025.0,2010,2010.0,Aug,8,89.0453,88.2774,0
Arizona,4.0,Yavapai,4025.0,2010,2010.0,Sep,9,87.7878,85.8616,1
Arizona,4.0,Yavapai,4025.0,2010,2010.0,Oct,10,72.3687,82.9685,4
Arizona,4.0,Yavapai,4025.0,2010,2010.0,Nov,11,58.0323,79.8904,4
Arizona,4.0,Yavapai,4025.0,2011,2011.0,Mar,3,63.1938,80.1796,4
Arizona,4.0,Yavapai,4025.0,2011,2011.0,Apr,4,68.1719,80.5091,5
Arizona,4.0,Yavapai,4025.0,2011,2011.0,May,5,73.1127,81.3495,6
Arizona,4.0,Yavapai,4025.0,2011,2011.0,Jun,6,86.8939,85.4784,9
Arizona,4.0,Yavapai,4025.0,2011,2011.0,Jul,7,91.2047,88.4997,5
Arizona,4.0,Yavapai,4025.0,2011,2011.0,Aug,8,93.5667,90.5554,6
Arizona,4.0,Yavapai,4025.0,2011,2011.0,Sep,9,86.1857,85.0733,3
Arizona,4.0,Yavapai,4025.0,2011,2011.0,Oct,10,74.6343,81.7537,4
Arizona,4.0,Yavapai,4025.0,2011,2011.0,Nov,11,59.2666,79.16,6
Arizona,4.0,Yuma,4027.0,2000,2000.0,Jan,1,69.1278,79.7885,2
Arizona,4.0,Yuma,4027.0,2000,2000.0,Feb,2,71.1978,78.3667,3
Arizona,4.0,Yuma,4027.0,2000,2000.0,Mar,3,73.8891,80.4946,1
Arizona,4.0,Yuma,4027.0,2000,2000.0,Apr,4,86.4434,85.205,1
Arizona,4.0,Yuma,4027.0,2000,2000.0,May,5,95.0171,90.8874,1
Arizona,4.0,Yuma,4027.0,2000,2000.0,Jun,6,100.8293,97.4725,0
Arizona,4.0,Yuma,4027.0,2000,2000.0,Jul,7,105.0122,101.561,0
Arizona,4.0,Yuma,4027.0,2000,2000.0,Aug,8,102.1846,101.9283,1
Arizona,4.0,Yuma,4027.0,2000,2000.0,Sep,9,98.2364,96.7631,0
Arizona,4.0,Yuma,4027.0,2000,2000.0,Oct,10,82.4905,86.7305,0
Arizona,4.0,Yuma,4027.0,2001,2001.0,Feb,2,65.1965,79.0,0
Arizona,4.0,Yuma,4027.0,2001,2001.0,Mar,3,75.6115,81.9437,4
Arizona,4.0,Yuma,4027.0,2001,2001.0,Apr,4,80.9695,85.8886,0
Arizona,4.0,Yuma,4027.0,2001,2001.0,May,5,96.6775,92.6593,1
Arizona,4.0,Yuma,4027.0,2001,2001.0,Jun,6,101.8973,97.2569,0
Arizona,4.0,Yuma,4027.0,2001,2001.0,Jul,7,102.0284,99.7535,0
Arizona,4.0,Yuma,4027.0,2001,2001.0,Aug,8,102.3862,102.3909,0
Arizona,4.0,Yuma,4027.0,2001,2001.0,Sep,9,99.4213,98.3808,1
Arizona,4.0,Yuma,4027.0,2001,2001.0,Oct,10,88.8537,86.3181,1
Arizona,4.0,Yuma,4027.0,2001,2001.0,Nov,11,76.8274,81.4952,2
Arizona,4.0,Yuma,4027.0,2002,2002.0,Feb,2,72.282,79.4981,2
Arizona,4.0,Yuma,4027.0,2002,2002.0,Mar,3,74.4529,81.4342,1
Arizona,4.0,Yuma,4027.0,2002,2002.0,Apr,4,84.9329,84.6424,3
Arizona,4.0,Yuma,4027.0,2002,2002.0,May,5,90.4674,87.3918,1
Arizona,4.0,Yuma,4027.0,2002,2002.0,Jun,6,101.7407,96.5096,0
Arizona,4.0,Yuma,4027.0,2002,2002.0,Jul,7,102.9878,100.5307,0
Arizona,4.0,Yuma,4027.0,2002,2002.0,Aug,8,103.7064,101.3952,0
Arizona,4.0,Yuma,4027.0,2002,2002.0,Sep,9,98.8789,97.044,0
Arizona,4.0,Yuma,4027.0,2002,2002.0,Oct,10,84.1293,84.9734,1
Arizona,4.0,Yuma,4027.0,2002,2002.0,Nov,11,75.8611,79.3533,1
Arizona,4.0,Yuma,4027.0,2003,2003.0,Jan,1,71.2839,79.2672,1
Arizona,4.0,Yuma,4027.0,2003,2003.0,Feb,2,67.3044,79.45,1
Arizona,4.0,Yuma,4027.0,2003,2003.0,Mar,3,75.5702,81.012,3
Arizona,4.0,Yuma,4027.0,2003,2003.0,Apr,4,78.7068,81.8414,0
Arizona,4.0,Yuma,4027.0,2003,2003.0,May,5,92.9832,90.3961,1
Arizona,4.0,Yuma,4027.0,2003,2003.0,Jun,6,99.585,94.5117,0
Arizona,4.0,Yuma,4027.0,2003,2003.0,Jul,7,106.2701,103.8561,0
Arizona,4.0,Yuma,4027.0,2003,2003.0,Aug,8,102.7732,102.5563,0
Arizona,4.0,Yuma,4027.0,2003,2003.0,Sep,9,99.1202,98.3053,2
Arizona,4.0,Yuma,4027.0,2003,2003.0,Oct,10,92.2007,89.9975,0
Arizona,4.0,Yuma,4027.0,2003,2003.0,Nov,11,70.2488,79.3596,0
Arizona,4.0,Yuma,4027.0,2004,2004.0,Feb,2,65.3056,79.0891,1
Arizona,4.0,Yuma,4027.0,2004,2004.0,Mar,3,83.7556,84.5742,2
Arizona,4.0,Yuma,4027.0,2004,2004.0,Apr,4,82.8534,83.5554,2
Arizona,4.0,Yuma,4027.0,2004,2004.0,May,5,93.4972,89.0266,1
Arizona,4.0,Yuma,4027.0,2004,2004.0,Jun,6,99.3342,94.4384,0
Arizona,4.0,Yuma,4027.0,2004,2004.0,Jul,7,104.2197,102.222,1
Arizona,4.0,Yuma,4027.0,2004,2004.0,Aug,8,102.8066,100.7,1
Arizona,4.0,Yuma,4027.0,2004,2004.0,Sep,9,96.6222,94.3174,1
Arizona,4.0,Yuma,4027.0,2004,2004.0,Oct,10,82.2434,86.1944,0
Arizona,4.0,Yuma,4027.0,2004,2004.0,Nov,11,67.6783,80.0921,1
Arizona,4.0,Yuma,4027.0,2005,2005.0,Mar,3,73.1251,80.8918,2
Arizona,4.0,Yuma,4027.0,2005,2005.0,Apr,4,81.6947,82.4258,1
Arizona,4.0,Yuma,4027.0,2005,2005.0,May,5,93.1528,90.0701,2
Arizona,4.0,Yuma,4027.0,2005,2005.0,Jun,6,99.205,94.4931,3
Arizona,4.0,Yuma,4027.0,2005,2005.0,Jul,7,106.2095,104.6474,2
Arizona,4.0,Yuma,4027.0,2005,2005.0,Aug,8,101.7634,102.6855,0
Arizona,4.0,Yuma,4027.0,2005,2005.0,Sep,9,97.9598,94.4856,0
Arizona,4.0,Yuma,4027.0,2005,2005.0,Oct,10,85.3836,85.5137,1
Arizona,4.0,Yuma,4027.0,2005,2005.0,Nov,11,75.304,80.5078,0
Arizona,4.0,Yuma,4027.0,2006,2006.0,Feb,2,72.2182,79.5883,2
Arizona,4.0,Yuma,4027.0,2006,2006.0,Mar,3,70.363,79.8883,4
Arizona,4.0,Yuma,4027.0,2006,2006.0,Apr,4,80.956,82.2172,2
Arizona,4.0,Yuma,4027.0,2006,2006.0,May,5,93.8971,89.9179,0
Arizona,4.0,Yuma,4027.0,2006,2006.0,Jun,6,104.5894,99.9954,3
Arizona,4.0,Yuma,4027.0,2006,2006.0,Jul,7,106.3833,106.4956,2
Arizona,4.0,Yuma,4027.0,2006,2006.0,Aug,8,102.1187,101.7753,0
Arizona,4.0,Yuma,4027.0,2006,2006.0,Sep,9,95.596,93.8403,4
Arizona,4.0,Yuma,4027.0,2006,2006.0,Oct,10,84.4183,84.6583,2
Arizona,4.0,Yuma,4027.0,2006,2006.0,Nov,11,77.268,80.8067,2
Arizona,4.0,Yuma,4027.0,2007,2007.0,Feb,2,69.7985,79.3011,1
Arizona,4.0,Yuma,4027.0,2007,2007.0,Mar,3,79.018,83.1372,4
Arizona,4.0,Yuma,4027.0,2007,2007.0,Apr,4,83.9641,84.6671,1
Arizona,4.0,Yuma,4027.0,2007,2007.0,May,5,92.4919,88.6257,1
Arizona,4.0,Yuma,4027.0,2007,2007.0,Jun,6,101.8037,96.348,1
Arizona,4.0,Yuma,4027.0,2007,2007.0,Jul,7,104.1834,102.9926,0
Arizona,4.0,Yuma,4027.0,2007,2007.0,Aug,8,103.5489,104.3731,1
Arizona,4.0,Yuma,4027.0,2007,2007.0,Sep,9,96.3521,95.9505,0
Arizona,4.0,Yuma,4027.0,2007,2007.0,Oct,10,86.3593,84.9207,3
Arizona,4.0,Yuma,4027.0,2007,2007.0,Nov,11,79.0435,81.7751,1
Arizona,4.0,Yuma,4027.0,2008,2008.0,Feb,2,68.0895,78.8155,2
Arizona,4.0,Yuma,4027.0,2008,2008.0,Mar,3,77.6661,81.2444,0
Arizona,4.0,Yuma,4027.0,2008,2008.0,Apr,4,84.4432,83.608,1
Arizona,4.0,Yuma,4027.0,2008,2008.0,May,5,88.2306,86.7633,0
Arizona,4.0,Yuma,4027.0,2008,2008.0,Jun,6,104.0905,98.2037,0
Arizona,4.0,Yuma,4027.0,2008,2008.0,Jul,7,103.4941,102.0307,1
Arizona,4.0,Yuma,4027.0,2008,2008.0,Aug,8,101.5194,102.1022,0
Arizona,4.0,Yuma,4027.0,2008,2008.0,Sep,9,99.0139,97.1263,0
Arizona,4.0,Yuma,4027.0,2008,2008.0,Oct,10,88.5279,86.9701,0
Arizona,4.0,Yuma,4027.0,2008,2008.0,Nov,11,76.9586,81.4004,2
Arizona,4.0,Yuma,4027.0,2009,2009.0,Jan,1,66.186,78.4462,1
Arizona,4.0,Yuma,4027.0,2009,2009.0,Feb,2,69.509,80.0831,0
Arizona,4.0,Yuma,4027.0,2009,2009.0,Mar,3,76.7709,81.8902,0
Arizona,4.0,Yuma,4027.0,2009,2009.0,Apr,4,81.753,84.1689,0
Arizona,4.0,Yuma,4027.0,2009,2009.0,May,5,96.3561,91.5995,3
Arizona,4.0,Yuma,4027.0,2009,2009.0,Jun,6,96.0222,92.0995,2
Arizona,4.0,Yuma,4027.0,2009,2009.0,Jul,7,107.6487,105.4315,2
Arizona,4.0,Yuma,4027.0,2009,2009.0,Aug,8,105.0891,102.0773,0
Arizona,4.0,Yuma,4027.0,2009,2009.0,Sep,9,101.001,98.0467,1
Arizona,4.0,Yuma,4027.0,2009,2009.0,Oct,10,84.3576,84.688,1
Arizona,4.0,Yuma,4027.0,2009,2009.0,Nov,11,76.8801,82.6802,0
Arizona,4.0,Yuma,4027.0,2010,2010.0,Mar,3,73.2352,80.3893,0
Arizona,4.0,Yuma,4027.0,2010,2010.0,Apr,4,79.3038,83.1281,0
Arizona,4.0,Yuma,4027.0,2010,2010.0,May,5,88.3393,86.2709,3
Arizona,4.0,Yuma,4027.0,2010,2010.0,Jun,6,100.0549,95.0246,0
Arizona,4.0,Yuma,4027.0,2010,2010.0,Jul,7,105.2007,103.0651,3
Arizona,4.0,Yuma,4027.0,2010,2010.0,Aug,8,103.805,103.0769,2
Arizona,4.0,Yuma,4027.0,2010,2010.0,Sep,9,101.4421,98.5354,1
Arizona,4.0,Yuma,4027.0,2010,2010.0,Oct,10,86.3964,86.6671,1
Arizona,4.0,Yuma,4027.0,2010,2010.0,Nov,11,72.1284,83.0622,3
Arizona,4.0,Yuma,4027.0,2010,2010.0,Dec,12,67.6515,78.6,3
Arizona,4.0,Yuma,4027.0,2011,2011.0,Jan,1,64.0701,78.9,4
Arizona,4.0,Yuma,4027.0,2011,2011.0,Mar,3,77.9319,81.8552,3
Arizona,4.0,Yuma,4027.0,2011,2011.0,Apr,4,84.1428,84.0986,0
Arizona,4.0,Yuma,4027.0,2011,2011.0,May,5,88.1625,86.7181,0
Arizona,4.0,Yuma,4027.0,2011,2011.0,Jun,6,100.4488,95.2911,3
Arizona,4.0,Yuma,4027.0,2011,2011.0,Jul,7,104.1766,102.2092,5
Arizona,4.0,Yuma,4027.0,2011,2011.0,Aug,8,107.0779,105.6324,1
Arizona,4.0,Yuma,4027.0,2011,2011.0,Sep,9,100.1744,97.152,3
Arizona,4.0,Yuma,4027.0,2011,2011.0,Oct,10,88.5913,87.8459,3
Arizona,4.0,Yuma,4027.0,2011,2011.0,Nov,11,71.5906,82.9426,1
